review_id,product_id,customer_id,rating,review_text,reviewer_name,created_at
REV_00000001,PROD_00000246,CUST_00000608,1,Very disappointed with the quality.,James Cooley,2025-06-27
REV_00000002,PROD_00000589,CUST_00000321,1,"Not as described, returning it.",James Rodriguez,2022-11-09
REV_00000003,PROD_00000094,CUST_00000193,2,Broke after a week of use.,Katie Harris,2024-11-04
REV_00000004,PROD_00000315,CUST_00000254,3,"It's okay, nothing special.",Katie Reese,2024-08-11
REV_00000005,PROD_00000153,CUST_00000579,5,Exceeded my expectations.,Eric Ramsey,2023-06-12
REV_00000006,PROD_00000240,CUST_00000314,5,Love it! Will buy again.,Molly Whitaker,2021-11-23
REV_00000007,PROD_00000140,CUST_00000552,5,Amazing quality for the price.,Shelby Kelly,2023-08-13
REV_00000008,PROD_00000597,CUST_00000224,3,"Does what it says, nothing more.",John Sanchez,2023-06-28
REV_00000009,PROD_00000216,CUST_00000431,4,Best purchase I've made this year.,Eileen Wiley,2024-05-12
REV_00000010,PROD_00000794,CUST_00000356,5,Best purchase I've made this year.,Jordan Lawrence,2022-05-01
REV_00000011,PROD_00000370,CUST_00000427,4,Love it! Will buy again.,Candice Torres,2023-11-16
REV_00000012,PROD_00000972,CUST_00000392,4,"Great product, highly recommend!",Judy Elliott,2023-03-21
REV_00000013,PROD_00000293,CUST_00000222,4,Perfect fit and fast shipping.,Kimberly Lopez,2025-09-24
REV_00000014,PROD_00000241,CUST_00000103,4,"Wonderful product, five stars!",Gina Holt,2022-03-20
REV_00000015,PROD_00000981,CUST_00000318,5,Best purchase I've made this year.,Matthew Ramirez,2024-11-15
REV_00000016,PROD_00000535,CUST_00000760,5,Love it! Will buy again.,Adam Evans,2022-08-17
REV_00000017,PROD_00000321,CUST_00000674,5,Love it! Will buy again.,Jennifer Rodriguez,2024-08-03
REV_00000018,PROD_00000045,CUST_00000776,5,Exactly what I was looking for.,Kara Rose,2023-01-21
REV_00000019,PROD_00000586,CUST_00000537,4,Amazing quality for the price.,Jacqueline Knight,2023-07-06
REV_00000020,PROD_00000931,CUST_00000666,1,Broke after a week of use.,Amanda Reed,2023-08-12
REV_00000021,PROD_00000614,CUST_00000219,1,Terrible customer service.,Kimberly Cruz,2023-11-29
REV_00000022,PROD_00000944,CUST_00000438,2,Would not recommend to anyone.,Patrick Wheeler,2021-08-10
REV_00000023,PROD_00000284,CUST_00000766,1,Terrible customer service.,Cindy Knight,2023-12-18
REV_00000024,PROD_00000897,CUST_00000979,4,Perfect fit and fast shipping.,Tammy Simon,2024-03-28
REV_00000025,PROD_00000584,CUST_00000727,1,Would not recommend to anyone.,Paul Fuller,2024-01-12
REV_00000026,PROD_00000553,CUST_00000169,5,"Wonderful product, five stars!",Gregory Bell,2023-07-20
REV_00000027,PROD_00000791,CUST_00000592,2,Broke after a week of use.,George Hopkins,2025-05-27
REV_00000028,PROD_00000212,CUST_00000072,4,"Great product, highly recommend!",Jaclyn Steele,2024-03-16
REV_00000029,PROD_00000672,CUST_00000575,2,Terrible customer service.,Rodney Barnett,2023-10-26
REV_00000030,PROD_00000087,CUST_00000990,5,"Great product, highly recommend!",Christopher Howard,2022-05-02
REV_00000031,PROD_00000007,CUST_00000456,5,Love it! Will buy again.,Joseph Larsen,2023-02-17
REV_00000032,PROD_00000459,CUST_00000075,4,"Great product, highly recommend!",Barbara Cooke,2022-07-24
REV_00000033,PROD_00000183,CUST_00000263,5,Exactly what I was looking for.,Autumn Wallace,2025-01-15
REV_00000034,PROD_00000328,CUST_00000469,2,Very disappointed with the quality.,David Clark,2022-01-23
REV_00000035,PROD_00000299,CUST_00000610,5,Exactly what I was looking for.,Jennifer Snow,2025-10-29
REV_00000036,PROD_00000398,CUST_00000597,4,Amazing quality for the price.,Lynn Martinez,2022-10-19
REV_00000037,PROD_00000014,CUST_00000837,3,Fair value for money.,Jeffrey Parker,2024-02-06
REV_00000038,PROD_00000100,CUST_00000818,1,"Not as described, returning it.",Jon Kelley,2022-07-04
REV_00000039,PROD_00000756,CUST_00000939,2,Very disappointed with the quality.,Timothy Hall,2023-02-01
REV_00000040,PROD_00000169,CUST_00000890,5,Exactly what I was looking for.,Stacey Lewis,2025-02-06
REV_00000041,PROD_00000232,CUST_00000785,5,Love it! Will buy again.,Maureen Becker,2024-01-11
REV_00000042,PROD_00000111,CUST_00000661,3,"It's okay, nothing special.",Anthony Bailey,2021-06-02
REV_00000043,PROD_00000347,CUST_00000518,4,Best purchase I've made this year.,Kimberly Wise,2025-12-14
REV_00000044,PROD_00000340,CUST_00000621,2,"Not as described, returning it.",Erin Moore DVM,2024-09-21
REV_00000045,PROD_00000614,CUST_00000199,1,"Not as described, returning it.",Jeff Ramirez,2021-06-16
REV_00000046,PROD_00000729,CUST_00000843,5,Exceeded my expectations.,Christina Martinez,2022-03-06
REV_00000047,PROD_00000240,CUST_00000338,4,Amazing quality for the price.,Christian Schneider,2025-03-06
REV_00000048,PROD_00000240,CUST_00000038,4,Amazing quality for the price.,Taylor Fisher,2022-06-05
REV_00000049,PROD_00000733,CUST_00000319,5,Exceeded my expectations.,Miranda Alvarez,2025-09-24
REV_00000050,PROD_00000270,CUST_00000640,4,Perfect fit and fast shipping.,Melvin Kennedy,2024-01-19
REV_00000051,PROD_00000540,CUST_00000140,3,"Does what it says, nothing more.",Ernest Sanders,2023-11-04
REV_00000052,PROD_00000286,CUST_00000248,3,Acceptable but could be better.,Chad Steele,2022-06-13
REV_00000053,PROD_00000335,CUST_00000918,4,Amazing quality for the price.,Tony Duffy,2024-05-14
REV_00000054,PROD_00000566,CUST_00000771,4,Exceeded my expectations.,James Gilbert,2021-12-25
REV_00000055,PROD_00000443,CUST_00000659,1,"Not as described, returning it.",Timothy Anderson,2021-10-10
REV_00000056,PROD_00000725,CUST_00000427,5,Amazing quality for the price.,Emily Wyatt,2025-03-21
REV_00000057,PROD_00000908,CUST_00000855,5,"Wonderful product, five stars!",Gary Callahan,2025-03-11
REV_00000058,PROD_00000503,CUST_00000994,5,"Great product, highly recommend!",Jason Underwood,2021-11-25
REV_00000059,PROD_00000370,CUST_00000195,5,Amazing quality for the price.,Brett Whitehead,2024-11-17
REV_00000060,PROD_00000120,CUST_00000215,3,"It's okay, nothing special.",James Walsh,2023-06-24
REV_00000061,PROD_00000075,CUST_00000889,2,Very disappointed with the quality.,Emily Johnson,2024-12-29
REV_00000062,PROD_00000423,CUST_00000753,5,Perfect fit and fast shipping.,Ryan Garcia,2025-12-15
REV_00000063,PROD_00000070,CUST_00000645,2,Terrible customer service.,Mitchell Douglas,2022-08-11
REV_00000064,PROD_00000835,CUST_00000541,1,"Not as described, returning it.",David Davila,2024-01-19
REV_00000065,PROD_00000745,CUST_00000610,1,Would not recommend to anyone.,David Wood,2023-04-10
REV_00000066,PROD_00000271,CUST_00000876,5,Perfect fit and fast shipping.,Gabriel Jackson,2022-11-07
REV_00000067,PROD_00000994,CUST_00000389,1,Would not recommend to anyone.,Ann Fuentes,2021-08-10
REV_00000068,PROD_00000132,CUST_00000989,3,Acceptable but could be better.,Curtis Jacobson,2021-07-24
REV_00000069,PROD_00000098,CUST_00000429,2,Very disappointed with the quality.,Morgan Allen,2021-06-13
REV_00000070,PROD_00000102,CUST_00000694,5,Exceeded my expectations.,Tina Miller,2025-03-31
REV_00000071,PROD_00000428,CUST_00000152,4,Exactly what I was looking for.,Kayla Maldonado,2025-10-12
REV_00000072,PROD_00000167,CUST_00000103,3,"Does what it says, nothing more.",Elizabeth Kane,2024-12-05
REV_00000073,PROD_00000105,CUST_00000405,5,Perfect fit and fast shipping.,John Carter,2021-08-19
REV_00000074,PROD_00000966,CUST_00000288,5,Amazing quality for the price.,Michael Merritt,2022-09-19
REV_00000075,PROD_00000598,CUST_00000747,4,Amazing quality for the price.,John Mora,2024-05-19
REV_00000076,PROD_00000549,CUST_00000133,3,Acceptable but could be better.,Stephen Roach,2024-05-06
REV_00000077,PROD_00000442,CUST_00000446,4,Exactly what I was looking for.,Nicole Moody,2025-07-23
REV_00000078,PROD_00000672,CUST_00000402,5,Best purchase I've made this year.,Kathryn Davis,2023-05-15
REV_00000079,PROD_00000635,CUST_00000742,1,Terrible customer service.,Peter Blackwell,2024-04-25
REV_00000080,PROD_00000924,CUST_00000035,3,"It's okay, nothing special.",Richard Oneal,2025-09-02
REV_00000081,PROD_00000986,CUST_00000870,3,Acceptable but could be better.,Christina Cook,2024-12-01
REV_00000082,PROD_00000644,CUST_00000592,5,Amazing quality for the price.,Julie Wagner,2022-03-13
REV_00000083,PROD_00000266,CUST_00000867,5,Exceeded my expectations.,Shaun Chavez,2025-03-22
REV_00000084,PROD_00000795,CUST_00000754,3,"It's okay, nothing special.",Ronald Cline,2025-09-24
REV_00000085,PROD_00000852,CUST_00000344,3,"It's okay, nothing special.",Nathan James,2023-12-31
REV_00000086,PROD_00000420,CUST_00000484,5,Amazing quality for the price.,Timothy Johnston,2022-01-14
REV_00000087,PROD_00000261,CUST_00000645,5,Exactly what I was looking for.,Alicia Zuniga,2021-11-18
REV_00000088,PROD_00000977,CUST_00000521,5,Love it! Will buy again.,Jessica Fry,2025-07-30
REV_00000089,PROD_00000434,CUST_00000388,5,Exceeded my expectations.,Luis Watson,2024-11-20
REV_00000090,PROD_00000416,CUST_00000765,4,Perfect fit and fast shipping.,Nancy Taylor,2025-04-17
REV_00000091,PROD_00000355,CUST_00000545,2,Broke after a week of use.,Dawn Nelson,2022-11-06
REV_00000092,PROD_00000919,CUST_00000859,5,Exceeded my expectations.,Michael Brown,2022-03-25
REV_00000093,PROD_00000461,CUST_00000918,4,Perfect fit and fast shipping.,Alexis Goodwin,2022-08-31
REV_00000094,PROD_00000701,CUST_00000699,4,Perfect fit and fast shipping.,Keith Meyer,2025-05-31
REV_00000095,PROD_00000385,CUST_00000011,4,Perfect fit and fast shipping.,Christine Aguilar,2025-03-01
REV_00000096,PROD_00000543,CUST_00000581,5,Best purchase I've made this year.,Amber Smith,2022-09-21
REV_00000097,PROD_00000275,CUST_00000138,1,Terrible customer service.,Matthew Moore,2024-09-21
REV_00000098,PROD_00000983,CUST_00000131,2,"Waste of money, avoid.",Katherine Hughes,2022-02-27
REV_00000099,PROD_00000310,CUST_00000399,5,Perfect fit and fast shipping.,Stephen Martinez,2022-09-04
REV_00000100,PROD_00000896,CUST_00000251,5,Amazing quality for the price.,Michael Welch,2024-06-27
REV_00000101,PROD_00000930,CUST_00000635,5,Amazing quality for the price.,Brad Davis,2022-08-08
REV_00000102,PROD_00000132,CUST_00000366,4,Perfect fit and fast shipping.,Renee Hansen,2025-12-24
REV_00000103,PROD_00000688,CUST_00000421,1,"Not as described, returning it.",Tiffany Ferguson,2023-02-17
REV_00000104,PROD_00000816,CUST_00000424,4,Best purchase I've made this year.,Betty Gutierrez,2025-07-06
REV_00000105,PROD_00000049,CUST_00000785,5,Exceeded my expectations.,Ryan Friedman,2024-12-14
REV_00000106,PROD_00000444,CUST_00000916,4,"Wonderful product, five stars!",Ivan Fisher,2025-10-13
REV_00000107,PROD_00000885,CUST_00000755,5,Best purchase I've made this year.,Jorge Sanford,2023-08-05
REV_00000108,PROD_00000172,CUST_00000900,3,"Does what it says, nothing more.",Jeffrey Wilkinson,2023-02-11
REV_00000109,PROD_00000930,CUST_00000994,1,Would not recommend to anyone.,Beth Anderson,2022-07-01
REV_00000110,PROD_00000990,CUST_00000162,4,"Great product, highly recommend!",Angelica Anderson,2025-05-02
REV_00000111,PROD_00000824,CUST_00000095,5,"Wonderful product, five stars!",Courtney Dixon,2023-10-08
REV_00000112,PROD_00000330,CUST_00000162,5,Exceeded my expectations.,Victoria Powell,2023-12-17
REV_00000113,PROD_00000006,CUST_00000835,5,Best purchase I've made this year.,Ricky Miller,2022-06-22
REV_00000114,PROD_00000588,CUST_00000796,4,Exceeded my expectations.,Christina Harris,2022-11-16
REV_00000115,PROD_00000204,CUST_00000361,5,"Wonderful product, five stars!",Patricia Murray,2025-02-24
REV_00000116,PROD_00000369,CUST_00000229,5,Perfect fit and fast shipping.,David Allen,2025-09-10
REV_00000117,PROD_00000894,CUST_00000116,1,Would not recommend to anyone.,Wesley Manning,2021-12-31
REV_00000118,PROD_00000722,CUST_00000221,5,Best purchase I've made this year.,Jessica White,2022-07-02
REV_00000119,PROD_00000548,CUST_00000463,4,Exactly what I was looking for.,Grace Wright,2021-07-14
REV_00000120,PROD_00000931,CUST_00000932,5,Amazing quality for the price.,Matthew Brown PhD,2023-01-13
REV_00000121,PROD_00000281,CUST_00000931,5,"Great product, highly recommend!",Erica Molina,2022-06-01
REV_00000122,PROD_00000689,CUST_00000681,2,"Not as described, returning it.",Raymond Rodriguez,2021-11-21
REV_00000123,PROD_00000055,CUST_00000315,2,Broke after a week of use.,Brian Jackson,2022-02-28
REV_00000124,PROD_00000169,CUST_00000330,4,"Wonderful product, five stars!",Gary Nichols,2025-09-21
REV_00000125,PROD_00000313,CUST_00000657,3,"Decent quality, average product.",Christopher Davis,2025-10-12
REV_00000126,PROD_00000918,CUST_00000286,4,"Great product, highly recommend!",Theresa Mitchell,2022-10-03
REV_00000127,PROD_00000478,CUST_00000182,5,"Wonderful product, five stars!",Gene Lopez,2024-09-18
REV_00000128,PROD_00000428,CUST_00000820,4,Perfect fit and fast shipping.,Adam Kennedy,2025-11-27
REV_00000129,PROD_00000512,CUST_00000456,1,Broke after a week of use.,Jennifer Walters DDS,2024-06-24
REV_00000130,PROD_00000413,CUST_00000919,5,Love it! Will buy again.,Eric Mcgee,2023-01-23
REV_00000131,PROD_00000839,CUST_00000275,4,Love it! Will buy again.,Ethan Fletcher,2024-05-30
REV_00000132,PROD_00000048,CUST_00000037,5,Perfect fit and fast shipping.,Ashley Boone,2023-02-02
REV_00000133,PROD_00000616,CUST_00000443,1,"Not as described, returning it.",Katherine Mendez,2025-01-25
REV_00000134,PROD_00000003,CUST_00000875,5,Perfect fit and fast shipping.,Cassandra Chang,2022-04-23
REV_00000135,PROD_00000597,CUST_00000036,2,Would not recommend to anyone.,Susan Hicks,2022-05-13
REV_00000136,PROD_00000685,CUST_00000068,5,"Great product, highly recommend!",Tina Ramirez,2021-11-13
REV_00000137,PROD_00000788,CUST_00000410,5,Exceeded my expectations.,Richard Brown,2023-10-28
REV_00000138,PROD_00000329,CUST_00000360,5,"Great product, highly recommend!",Gina Clark,2023-06-22
REV_00000139,PROD_00000233,CUST_00000121,3,"Decent quality, average product.",Jamie Brown,2024-10-22
REV_00000140,PROD_00000676,CUST_00000667,2,Would not recommend to anyone.,Jennifer Steele,2022-05-10
REV_00000141,PROD_00000060,CUST_00000717,5,Exceeded my expectations.,Tamara Norris,2021-07-31
REV_00000142,PROD_00000590,CUST_00000958,3,Fair value for money.,John Adams,2024-09-22
REV_00000143,PROD_00000530,CUST_00000958,3,Acceptable but could be better.,John Perez,2022-05-30
REV_00000144,PROD_00000097,CUST_00000948,4,Exactly what I was looking for.,Gerald Allen,2023-12-12
REV_00000145,PROD_00000066,CUST_00000556,2,Broke after a week of use.,Sara Weeks,2024-03-20
REV_00000146,PROD_00000997,CUST_00000482,3,"It's okay, nothing special.",Danielle Shields,2024-09-18
REV_00000147,PROD_00000031,CUST_00000289,4,Perfect fit and fast shipping.,Jeff Frank,2021-07-04
REV_00000148,PROD_00000982,CUST_00000878,3,"Decent quality, average product.",Brandy Cross,2022-07-10
REV_00000149,PROD_00000750,CUST_00000090,4,Amazing quality for the price.,Lisa Griffin,2025-09-28
REV_00000150,PROD_00000777,CUST_00000212,4,Best purchase I've made this year.,Holly Duran,2023-11-14
REV_00000151,PROD_00000148,CUST_00000575,5,Love it! Will buy again.,Patricia Mcdowell,2021-10-16
REV_00000152,PROD_00000660,CUST_00000072,5,"Great product, highly recommend!",Lynn Camacho,2021-06-28
REV_00000153,PROD_00000047,CUST_00000848,2,Would not recommend to anyone.,Crystal Werner,2021-09-14
REV_00000154,PROD_00000244,CUST_00000965,5,Exactly what I was looking for.,Michael Gibson,2021-11-04
REV_00000155,PROD_00000257,CUST_00000290,5,Exceeded my expectations.,Brandon Huffman,2024-07-05
REV_00000156,PROD_00000478,CUST_00000367,5,Love it! Will buy again.,Melinda King,2024-11-08
REV_00000157,PROD_00000595,CUST_00000027,5,"Wonderful product, five stars!",Stephanie Curry,2021-12-13
REV_00000158,PROD_00000356,CUST_00000420,3,Acceptable but could be better.,Kelly Andersen,2024-03-05
REV_00000159,PROD_00000654,CUST_00000900,5,Exceeded my expectations.,Adam Lambert,2021-12-19
REV_00000160,PROD_00000641,CUST_00000362,5,Exceeded my expectations.,Amanda Fitzgerald,2021-09-17
REV_00000161,PROD_00000453,CUST_00000565,3,Acceptable but could be better.,Pedro White,2022-11-25
REV_00000162,PROD_00000522,CUST_00000754,5,"Wonderful product, five stars!",Ashley Andrade,2021-07-11
REV_00000163,PROD_00000969,CUST_00000455,4,"Wonderful product, five stars!",Nicholas Taylor,2024-05-23
REV_00000164,PROD_00000177,CUST_00000805,2,"Not as described, returning it.",Amy Miller,2023-11-07
REV_00000165,PROD_00000910,CUST_00000612,2,Broke after a week of use.,James Campbell,2023-04-13
REV_00000166,PROD_00000956,CUST_00000472,5,Best purchase I've made this year.,Ian Kirby,2023-08-21
REV_00000167,PROD_00000999,CUST_00000591,5,Best purchase I've made this year.,Debra Hicks,2022-07-20
REV_00000168,PROD_00000210,CUST_00000946,4,Love it! Will buy again.,Michelle Day,2022-06-07
REV_00000169,PROD_00000042,CUST_00000369,4,Love it! Will buy again.,Joshua Travis,2023-08-13
REV_00000170,PROD_00000124,CUST_00000326,2,Would not recommend to anyone.,Jonathan Bush,2022-05-30
REV_00000171,PROD_00000187,CUST_00000410,4,"Wonderful product, five stars!",Nicholas Kelly DDS,2024-11-11
REV_00000172,PROD_00000025,CUST_00000602,5,"Wonderful product, five stars!",Brett Russo,2022-09-14
REV_00000173,PROD_00000164,CUST_00000888,5,Amazing quality for the price.,Thomas Guzman,2022-10-13
REV_00000174,PROD_00000863,CUST_00000503,5,Exceeded my expectations.,Austin Dillon,2024-03-02
REV_00000175,PROD_00000035,CUST_00000025,5,Love it! Will buy again.,James Erickson,2022-07-28
REV_00000176,PROD_00000253,CUST_00000161,5,Exactly what I was looking for.,Rebecca Fowler,2022-12-31
REV_00000177,PROD_00000475,CUST_00000195,2,"Waste of money, avoid.",Heather Smith,2024-09-24
REV_00000178,PROD_00000759,CUST_00000713,4,Exactly what I was looking for.,Tonya Sharp,2025-09-11
REV_00000179,PROD_00000470,CUST_00000421,2,Terrible customer service.,Christina Anderson,2022-07-08
REV_00000180,PROD_00000907,CUST_00000678,4,Amazing quality for the price.,Jose Sanders MD,2022-10-07
REV_00000181,PROD_00000522,CUST_00000734,5,"Great product, highly recommend!",Wesley Haas,2024-11-09
REV_00000182,PROD_00000264,CUST_00000795,2,Very disappointed with the quality.,Elizabeth Smith,2022-10-05
REV_00000183,PROD_00000105,CUST_00000013,5,Amazing quality for the price.,Tom Crosby,2023-12-12
REV_00000184,PROD_00000220,CUST_00000407,4,Exceeded my expectations.,Martin Ferrell,2024-01-02
REV_00000185,PROD_00000767,CUST_00000963,5,"Great product, highly recommend!",Sydney Green,2022-11-13
REV_00000186,PROD_00000407,CUST_00000855,1,Very disappointed with the quality.,Paul Williams,2025-01-26
REV_00000187,PROD_00000646,CUST_00000355,1,Terrible customer service.,Jason Anthony,2023-12-28
REV_00000188,PROD_00000206,CUST_00000246,5,Amazing quality for the price.,Mrs. Gail Combs MD,2021-09-21
REV_00000189,PROD_00000636,CUST_00000088,5,Exceeded my expectations.,Jeffrey Wright,2025-08-03
REV_00000190,PROD_00000216,CUST_00000439,5,Amazing quality for the price.,Nicole Butler DDS,2022-05-10
REV_00000191,PROD_00000064,CUST_00000421,5,"Wonderful product, five stars!",Kimberly Buchanan DVM,2022-05-24
REV_00000192,PROD_00000969,CUST_00000652,3,"Decent quality, average product.",Carmen Higgins,2021-10-04
REV_00000193,PROD_00000814,CUST_00000822,2,"Waste of money, avoid.",Eric Stewart,2021-08-21
REV_00000194,PROD_00000872,CUST_00000256,5,Amazing quality for the price.,Jessica Wallace,2022-02-07
REV_00000195,PROD_00000038,CUST_00000276,2,Terrible customer service.,Michael Bradley,2025-09-24
REV_00000196,PROD_00000760,CUST_00000658,5,Exceeded my expectations.,James Wilson,2022-06-17
REV_00000197,PROD_00000665,CUST_00000007,4,Perfect fit and fast shipping.,Shannon Rogers,2023-05-18
REV_00000198,PROD_00000998,CUST_00000500,4,Best purchase I've made this year.,Jennifer Jones,2024-06-27
REV_00000199,PROD_00000222,CUST_00000246,4,Perfect fit and fast shipping.,Darrell Rosales,2022-08-26
REV_00000200,PROD_00000342,CUST_00000346,5,Exceeded my expectations.,Craig Ortega,2023-01-16
REV_00000201,PROD_00000770,CUST_00000204,5,Exactly what I was looking for.,Cheryl Suarez,2021-06-24
REV_00000202,PROD_00000473,CUST_00000482,5,Exactly what I was looking for.,Sandy Ray,2025-05-11
REV_00000203,PROD_00000536,CUST_00000752,4,Exactly what I was looking for.,Sharon Sanchez,2022-05-19
REV_00000204,PROD_00000357,CUST_00000480,2,Very disappointed with the quality.,Cassandra Mercer,2021-08-12
REV_00000205,PROD_00000506,CUST_00000094,5,"Wonderful product, five stars!",Joseph Rivera,2023-04-26
REV_00000206,PROD_00000579,CUST_00000898,2,Terrible customer service.,Emily Compton,2022-10-28
REV_00000207,PROD_00000761,CUST_00000310,4,Amazing quality for the price.,Christopher Garcia,2023-07-11
REV_00000208,PROD_00000235,CUST_00000520,3,Acceptable but could be better.,Amanda Sullivan,2024-04-19
REV_00000209,PROD_00000602,CUST_00000929,4,Exactly what I was looking for.,Stephen Yates,2023-03-20
REV_00000210,PROD_00000094,CUST_00000430,3,Acceptable but could be better.,Claudia Harris,2025-06-13
REV_00000211,PROD_00000861,CUST_00000170,5,"Wonderful product, five stars!",Brittany Brown,2025-07-13
REV_00000212,PROD_00000839,CUST_00000119,5,Exceeded my expectations.,Jessica Pham,2023-12-26
REV_00000213,PROD_00000189,CUST_00000758,4,Exactly what I was looking for.,Karen Mckenzie,2025-06-20
REV_00000214,PROD_00000649,CUST_00000640,1,Very disappointed with the quality.,Benjamin Castillo,2023-09-12
REV_00000215,PROD_00000685,CUST_00000734,5,Exactly what I was looking for.,Lisa Ho,2024-04-16
REV_00000216,PROD_00000990,CUST_00000063,4,Exceeded my expectations.,Monica Phillips,2025-03-11
REV_00000217,PROD_00000016,CUST_00000117,5,"Wonderful product, five stars!",Travis Lynch,2025-11-27
REV_00000218,PROD_00000375,CUST_00000109,1,Broke after a week of use.,Robert Simpson,2023-02-12
REV_00000219,PROD_00000364,CUST_00000746,2,Broke after a week of use.,Derek Wang Jr.,2021-06-19
REV_00000220,PROD_00000744,CUST_00000493,5,Perfect fit and fast shipping.,Brandon Castillo,2022-11-10
REV_00000221,PROD_00000398,CUST_00000988,5,Love it! Will buy again.,Alejandro Fitzpatrick,2023-08-03
REV_00000222,PROD_00000410,CUST_00000717,4,Love it! Will buy again.,Jennifer Miller,2024-12-15
REV_00000223,PROD_00000174,CUST_00000600,3,"Does what it says, nothing more.",Michael Bates,2025-09-30
REV_00000224,PROD_00000613,CUST_00000417,3,"It's okay, nothing special.",Denise Price,2024-08-13
REV_00000225,PROD_00000186,CUST_00000325,3,"Decent quality, average product.",Steven Lyons,2022-11-24
REV_00000226,PROD_00000970,CUST_00000892,3,"Does what it says, nothing more.",Emma Bishop,2023-02-07
REV_00000227,PROD_00000030,CUST_00000240,5,"Wonderful product, five stars!",John Hill,2024-08-16
REV_00000228,PROD_00000470,CUST_00000710,1,Broke after a week of use.,Dr. Eugene Vaughn,2025-10-01
REV_00000229,PROD_00000380,CUST_00000516,4,"Wonderful product, five stars!",Jessica Romero,2024-09-19
REV_00000230,PROD_00000312,CUST_00000618,5,Love it! Will buy again.,Randy Abbott,2024-05-01
REV_00000231,PROD_00000862,CUST_00000619,1,"Waste of money, avoid.",Jacob Potter,2021-11-12
REV_00000232,PROD_00000800,CUST_00000252,5,Perfect fit and fast shipping.,Michael Stanton,2023-08-18
REV_00000233,PROD_00000078,CUST_00000186,5,Best purchase I've made this year.,Austin Garza,2023-10-12
REV_00000234,PROD_00000535,CUST_00000738,1,Would not recommend to anyone.,Sarah Rios,2024-06-22
REV_00000235,PROD_00000529,CUST_00000413,5,Exceeded my expectations.,Angelica James,2024-10-20
REV_00000236,PROD_00000122,CUST_00000504,4,Exceeded my expectations.,April Huffman,2024-09-24
REV_00000237,PROD_00000228,CUST_00000533,5,"Wonderful product, five stars!",Miss April Jackson,2024-06-16
REV_00000238,PROD_00000989,CUST_00000154,5,Perfect fit and fast shipping.,Scott Hampton,2025-06-21
REV_00000239,PROD_00000408,CUST_00000224,5,Perfect fit and fast shipping.,Elizabeth White,2025-07-05
REV_00000240,PROD_00000175,CUST_00000598,4,Exactly what I was looking for.,Sarah Rush,2024-05-13
REV_00000241,PROD_00000907,CUST_00000553,3,"Does what it says, nothing more.",Wayne Robinson,2022-06-07
REV_00000242,PROD_00000553,CUST_00000846,3,Fair value for money.,Kathryn Fischer,2025-08-19
REV_00000243,PROD_00000015,CUST_00000418,5,Amazing quality for the price.,Richard Mitchell,2022-05-31
REV_00000244,PROD_00000214,CUST_00000485,5,Love it! Will buy again.,Gina Elliott,2024-04-26
REV_00000245,PROD_00000603,CUST_00000684,1,Would not recommend to anyone.,Anita Farmer,2021-09-27
REV_00000246,PROD_00000052,CUST_00000897,1,Broke after a week of use.,Kimberly Oconnor,2022-07-14
REV_00000247,PROD_00000930,CUST_00000672,5,"Wonderful product, five stars!",Lindsay Dixon,2022-05-29
REV_00000248,PROD_00000316,CUST_00000160,4,"Wonderful product, five stars!",Lindsey Lee,2025-03-24
REV_00000249,PROD_00000057,CUST_00000051,3,"Does what it says, nothing more.",Daniel Perkins,2024-01-14
REV_00000250,PROD_00000289,CUST_00000630,2,Terrible customer service.,Juan Huynh,2024-08-20
REV_00000251,PROD_00000149,CUST_00000280,3,Acceptable but could be better.,Allison Cohen,2022-04-19
REV_00000252,PROD_00000408,CUST_00000172,5,Exactly what I was looking for.,Jacob Mcneil,2023-06-28
REV_00000253,PROD_00000532,CUST_00000981,5,Amazing quality for the price.,Kim Hartman,2025-01-08
REV_00000254,PROD_00000369,CUST_00000332,3,"It's okay, nothing special.",John Steele,2025-07-13
REV_00000255,PROD_00000324,CUST_00000596,5,"Great product, highly recommend!",Frederick Smith,2023-12-31
REV_00000256,PROD_00000613,CUST_00000293,3,"It's okay, nothing special.",Paul Barnes,2025-07-11
REV_00000257,PROD_00000357,CUST_00000852,5,Love it! Will buy again.,Thomas Rodriguez,2022-08-22
REV_00000258,PROD_00000700,CUST_00000066,3,"Decent quality, average product.",Christopher Good,2024-07-28
REV_00000259,PROD_00000430,CUST_00000270,5,"Great product, highly recommend!",David Taylor,2023-05-05
REV_00000260,PROD_00000033,CUST_00000913,4,Exactly what I was looking for.,Eric Allen,2023-05-10
REV_00000261,PROD_00000543,CUST_00000344,2,Broke after a week of use.,Monica Smith,2024-02-04
REV_00000262,PROD_00000674,CUST_00000990,5,Best purchase I've made this year.,Taylor Wood,2022-05-08
REV_00000263,PROD_00000790,CUST_00000271,3,"Decent quality, average product.",Maria Hall,2024-12-12
REV_00000264,PROD_00000874,CUST_00000061,5,"Wonderful product, five stars!",Kelly Keller,2025-02-21
REV_00000265,PROD_00000286,CUST_00000689,2,Terrible customer service.,Christopher Morton,2022-09-18
REV_00000266,PROD_00000517,CUST_00000866,1,Terrible customer service.,Jeffrey Smith,2025-05-09
REV_00000267,PROD_00000681,CUST_00000629,5,Perfect fit and fast shipping.,Brittany Becker,2022-03-18
REV_00000268,PROD_00000685,CUST_00000136,4,Perfect fit and fast shipping.,Karen Jones,2021-11-19
REV_00000269,PROD_00000727,CUST_00000259,4,Amazing quality for the price.,David Fox,2025-06-02
REV_00000270,PROD_00000829,CUST_00000256,1,"Waste of money, avoid.",Kelsey Chang,2022-03-28
REV_00000271,PROD_00000117,CUST_00000331,4,"Great product, highly recommend!",Mark Rios,2021-10-27
REV_00000272,PROD_00000767,CUST_00000923,4,"Wonderful product, five stars!",Larry Price,2023-03-22
REV_00000273,PROD_00000269,CUST_00000393,4,Perfect fit and fast shipping.,David Marks,2024-12-10
REV_00000274,PROD_00000764,CUST_00000783,5,Exceeded my expectations.,Margaret Campos,2024-06-23
REV_00000275,PROD_00000905,CUST_00000544,5,Exactly what I was looking for.,Christina Wagner,2023-04-29
REV_00000276,PROD_00000718,CUST_00000254,5,Exceeded my expectations.,Kelsey Fuentes,2024-01-23
REV_00000277,PROD_00000721,CUST_00000267,5,Perfect fit and fast shipping.,Christine Cortez,2022-07-22
REV_00000278,PROD_00000163,CUST_00000899,3,"Decent quality, average product.",Kevin Moreno,2022-02-12
REV_00000279,PROD_00000786,CUST_00000794,3,Fair value for money.,Bryan West,2022-10-28
REV_00000280,PROD_00000895,CUST_00000007,4,Best purchase I've made this year.,Michelle Rasmussen,2023-04-10
REV_00000281,PROD_00000140,CUST_00000860,3,Acceptable but could be better.,Zachary Bailey,2025-03-05
REV_00000282,PROD_00000887,CUST_00000439,4,Best purchase I've made this year.,Danielle Johnson,2023-11-29
REV_00000283,PROD_00000681,CUST_00000551,5,Love it! Will buy again.,Madison Bass,2021-12-22
REV_00000284,PROD_00000144,CUST_00000004,5,Amazing quality for the price.,Cynthia Daniels,2023-04-21
REV_00000285,PROD_00000222,CUST_00000542,5,Exceeded my expectations.,Nicholas Ward Jr.,2022-05-10
REV_00000286,PROD_00000781,CUST_00000678,4,Best purchase I've made this year.,Allison Mcmahon,2022-09-08
REV_00000287,PROD_00000892,CUST_00000307,4,Exceeded my expectations.,Thomas Powell,2025-09-10
REV_00000288,PROD_00000914,CUST_00000462,5,"Wonderful product, five stars!",Tara Hickman,2021-06-29
REV_00000289,PROD_00000588,CUST_00000548,5,"Great product, highly recommend!",Terry Deleon,2025-12-19
REV_00000290,PROD_00000630,CUST_00000351,5,Exceeded my expectations.,Amy Foster,2025-03-31
REV_00000291,PROD_00000610,CUST_00000499,1,Broke after a week of use.,Nathan Ortiz,2021-09-13
REV_00000292,PROD_00000435,CUST_00000211,5,Love it! Will buy again.,Cathy Davis,2022-04-30
REV_00000293,PROD_00000545,CUST_00000113,5,"Great product, highly recommend!",Jared Bryant,2024-05-28
REV_00000294,PROD_00000454,CUST_00000117,1,"Waste of money, avoid.",Dr. Kimberly Gutierrez,2021-09-15
REV_00000295,PROD_00000850,CUST_00000316,2,Would not recommend to anyone.,Michael Haynes,2021-09-10
REV_00000296,PROD_00000067,CUST_00000563,5,Exceeded my expectations.,Mr. Austin Lynch,2024-12-07
REV_00000297,PROD_00000822,CUST_00000972,4,Best purchase I've made this year.,Kenneth Baker,2022-12-04
REV_00000298,PROD_00000006,CUST_00000433,5,Exceeded my expectations.,Travis Andrews,2025-01-03
REV_00000299,PROD_00000804,CUST_00000015,2,"Not as described, returning it.",Claudia Ward,2021-10-15
REV_00000300,PROD_00000241,CUST_00000201,1,"Waste of money, avoid.",Diana Barnett,2022-10-03
REV_00000301,PROD_00000055,CUST_00000347,2,Terrible customer service.,David Hughes,2021-08-06
REV_00000302,PROD_00000383,CUST_00000124,4,"Great product, highly recommend!",David Hernandez,2024-08-18
REV_00000303,PROD_00000434,CUST_00000852,4,Exactly what I was looking for.,Miss Kathleen Price,2022-03-05
REV_00000304,PROD_00000470,CUST_00000156,5,Love it! Will buy again.,Joshua Chan,2021-12-29
REV_00000305,PROD_00000071,CUST_00000409,5,"Wonderful product, five stars!",Joshua Ortiz,2025-03-05
REV_00000306,PROD_00000606,CUST_00000208,5,Exceeded my expectations.,Daniel Carpenter,2023-02-18
REV_00000307,PROD_00000450,CUST_00000466,1,"Waste of money, avoid.",David Diaz,2023-03-10
REV_00000308,PROD_00000480,CUST_00000754,2,Would not recommend to anyone.,Dennis Powell,2024-08-14
REV_00000309,PROD_00000143,CUST_00000164,1,"Not as described, returning it.",Juan Alvarez,2022-05-31
REV_00000310,PROD_00000022,CUST_00000772,4,Amazing quality for the price.,James Lyons,2023-04-09
REV_00000311,PROD_00000561,CUST_00000277,3,Fair value for money.,Adam Taylor,2024-11-03
REV_00000312,PROD_00000422,CUST_00000859,5,Love it! Will buy again.,Michelle Bridges,2025-12-26
REV_00000313,PROD_00000648,CUST_00000705,2,"Not as described, returning it.",Michelle Kelly,2025-01-04
REV_00000314,PROD_00000392,CUST_00000837,2,Terrible customer service.,Rebecca Johnson,2025-02-13
REV_00000315,PROD_00000743,CUST_00000750,4,Love it! Will buy again.,Leah Dixon,2023-10-11
REV_00000316,PROD_00000612,CUST_00000394,4,"Wonderful product, five stars!",Michael Graves,2022-06-30
REV_00000317,PROD_00000468,CUST_00000050,5,Amazing quality for the price.,Michael Adams,2022-12-07
REV_00000318,PROD_00000293,CUST_00000725,5,Amazing quality for the price.,Virginia Vaughn,2023-08-12
REV_00000319,PROD_00000712,CUST_00000778,2,"Not as described, returning it.",Amy Adams,2024-08-06
REV_00000320,PROD_00000846,CUST_00000602,5,Love it! Will buy again.,Jonathan Mcdonald,2022-07-29
REV_00000321,PROD_00000980,CUST_00000144,4,Exceeded my expectations.,Nathan Freeman,2024-11-28
REV_00000322,PROD_00000121,CUST_00000166,4,Love it! Will buy again.,Russell Bean,2022-07-21
REV_00000323,PROD_00000739,CUST_00000067,1,Terrible customer service.,William Randall,2024-01-01
REV_00000324,PROD_00000921,CUST_00000020,5,Love it! Will buy again.,Jenna Baldwin,2025-08-09
REV_00000325,PROD_00000978,CUST_00000623,1,Would not recommend to anyone.,Dr. Kenneth Fields,2022-05-12
REV_00000326,PROD_00000438,CUST_00000069,3,"Does what it says, nothing more.",Chase Thomas,2023-04-28
REV_00000327,PROD_00000751,CUST_00000454,1,Broke after a week of use.,Seth Gray,2022-12-29
REV_00000328,PROD_00000789,CUST_00000025,4,Exceeded my expectations.,Nicole Morris,2023-08-25
REV_00000329,PROD_00000101,CUST_00000857,5,"Wonderful product, five stars!",Travis Smith,2021-11-27
REV_00000330,PROD_00000895,CUST_00000310,5,Love it! Will buy again.,Chad Rowe DDS,2021-12-31
REV_00000331,PROD_00000187,CUST_00000012,5,Exceeded my expectations.,Karen Barnes,2022-08-12
REV_00000332,PROD_00000159,CUST_00000577,5,Best purchase I've made this year.,Wanda Ruiz,2025-07-13
REV_00000333,PROD_00000518,CUST_00000694,5,Amazing quality for the price.,Jessica Hart,2021-10-31
REV_00000334,PROD_00000682,CUST_00000234,3,"It's okay, nothing special.",Melissa Prince,2023-10-20
REV_00000335,PROD_00000887,CUST_00000835,4,"Wonderful product, five stars!",Ian Pitts,2023-12-28
REV_00000336,PROD_00000180,CUST_00000917,4,Best purchase I've made this year.,Kristopher Smith,2025-05-07
REV_00000337,PROD_00000431,CUST_00000133,4,"Great product, highly recommend!",Kelli Salas,2024-07-21
REV_00000338,PROD_00000212,CUST_00000698,4,Exceeded my expectations.,Tyler Johnson,2023-01-27
REV_00000339,PROD_00000924,CUST_00000591,5,"Wonderful product, five stars!",Aaron Johnson,2025-11-04
REV_00000340,PROD_00000676,CUST_00000644,1,Very disappointed with the quality.,Patricia Williamson,2025-11-30
REV_00000341,PROD_00000640,CUST_00000275,5,"Great product, highly recommend!",Gregory Moreno,2023-06-22
REV_00000342,PROD_00000808,CUST_00000849,2,"Not as described, returning it.",Tanya Robinson,2025-10-20
REV_00000343,PROD_00000730,CUST_00000823,1,Would not recommend to anyone.,Mary Hancock,2024-01-10
REV_00000344,PROD_00000653,CUST_00000829,4,Best purchase I've made this year.,Dawn Kelly,2024-11-18
REV_00000345,PROD_00000433,CUST_00000712,4,Love it! Will buy again.,Clayton White,2023-07-28
REV_00000346,PROD_00000644,CUST_00000613,1,Broke after a week of use.,Patrick Herrera,2025-01-20
REV_00000347,PROD_00000866,CUST_00000152,4,"Great product, highly recommend!",Diana Miller,2024-08-03
REV_00000348,PROD_00000763,CUST_00000452,4,Best purchase I've made this year.,Patricia Andrews,2024-08-26
REV_00000349,PROD_00000890,CUST_00000216,1,"Not as described, returning it.",Susan Morales,2021-10-30
REV_00000350,PROD_00000101,CUST_00000659,5,Exceeded my expectations.,Christine Williams,2023-11-11
REV_00000351,PROD_00000320,CUST_00000792,3,"It's okay, nothing special.",Emily Silva,2023-11-26
REV_00000352,PROD_00000098,CUST_00000310,5,Love it! Will buy again.,Amanda Smith,2022-08-30
REV_00000353,PROD_00000848,CUST_00000233,3,"It's okay, nothing special.",Megan Graham,2025-09-25
REV_00000354,PROD_00000279,CUST_00000493,4,Love it! Will buy again.,Austin Franco,2022-04-30
REV_00000355,PROD_00000698,CUST_00000149,5,Exceeded my expectations.,Christine Berger,2022-09-06
REV_00000356,PROD_00000855,CUST_00000337,5,Exceeded my expectations.,Amy Taylor,2025-07-02
REV_00000357,PROD_00000143,CUST_00000456,5,"Wonderful product, five stars!",Doris Bush,2024-04-15
REV_00000358,PROD_00000345,CUST_00000479,2,Very disappointed with the quality.,Ashley Chavez,2024-09-02
REV_00000359,PROD_00000861,CUST_00000507,1,"Not as described, returning it.",Alexander Bennett,2025-03-21
REV_00000360,PROD_00000356,CUST_00000275,5,"Great product, highly recommend!",Crystal Moreno,2023-08-15
REV_00000361,PROD_00000895,CUST_00000971,4,Perfect fit and fast shipping.,Erik Gardner,2022-08-13
REV_00000362,PROD_00000591,CUST_00000181,5,Love it! Will buy again.,Renee Aguilar,2021-09-05
REV_00000363,PROD_00000869,CUST_00000434,3,"Does what it says, nothing more.",Stacy Sanders,2022-06-29
REV_00000364,PROD_00000355,CUST_00000151,4,Exceeded my expectations.,Tonya Young,2025-06-30
REV_00000365,PROD_00000430,CUST_00000805,4,"Wonderful product, five stars!",Chelsea Mitchell,2022-02-22
REV_00000366,PROD_00000039,CUST_00000796,5,Love it! Will buy again.,Benjamin Howard,2024-07-21
REV_00000367,PROD_00000303,CUST_00000471,3,"Does what it says, nothing more.",Sean Castro,2025-09-06
REV_00000368,PROD_00000549,CUST_00000204,5,Love it! Will buy again.,Brian Davis,2023-09-08
REV_00000369,PROD_00000425,CUST_00000592,4,Best purchase I've made this year.,Amy Miles,2024-10-04
REV_00000370,PROD_00000348,CUST_00000464,5,Perfect fit and fast shipping.,Natasha Rice,2024-04-30
REV_00000371,PROD_00000429,CUST_00000974,4,"Great product, highly recommend!",Dennis Walls,2021-09-29
REV_00000372,PROD_00000286,CUST_00000327,5,Best purchase I've made this year.,William Nelson,2022-07-30
REV_00000373,PROD_00000455,CUST_00000149,1,"Waste of money, avoid.",Shane Stephens,2021-06-04
REV_00000374,PROD_00000324,CUST_00000277,5,Exceeded my expectations.,Jessica Branch,2024-11-30
REV_00000375,PROD_00000519,CUST_00000937,4,Exceeded my expectations.,Marcus Lopez,2023-03-05
REV_00000376,PROD_00000353,CUST_00000035,4,Exactly what I was looking for.,Dr. Anthony Benton III,2024-03-19
REV_00000377,PROD_00000815,CUST_00000878,2,Terrible customer service.,Joseph Johnson,2025-07-01
REV_00000378,PROD_00000303,CUST_00000216,5,Exactly what I was looking for.,Christian Johnson,2023-08-28
REV_00000379,PROD_00000210,CUST_00000001,2,Broke after a week of use.,Monica Bass,2021-11-30
REV_00000380,PROD_00000591,CUST_00000718,2,"Waste of money, avoid.",Adam Wong,2024-07-05
REV_00000381,PROD_00000894,CUST_00000468,2,"Waste of money, avoid.",Mark Savage,2022-10-12
REV_00000382,PROD_00000867,CUST_00000604,1,Would not recommend to anyone.,Scott Taylor,2025-06-10
REV_00000383,PROD_00000869,CUST_00000466,5,Exceeded my expectations.,Penny Osborne,2024-09-13
REV_00000384,PROD_00000444,CUST_00000451,3,Acceptable but could be better.,George Butler,2021-08-11
REV_00000385,PROD_00000133,CUST_00000603,2,"Waste of money, avoid.",Shannon Reynolds,2021-08-09
REV_00000386,PROD_00000176,CUST_00000070,3,Fair value for money.,William Ward,2023-01-02
REV_00000387,PROD_00000087,CUST_00000644,4,"Wonderful product, five stars!",Miss Sandra Phelps,2021-10-01
REV_00000388,PROD_00000761,CUST_00000257,4,Exactly what I was looking for.,Melissa Patterson,2022-06-27
REV_00000389,PROD_00000458,CUST_00000917,4,Best purchase I've made this year.,Dr. Daniel Brock,2024-11-02
REV_00000390,PROD_00000217,CUST_00000867,4,"Great product, highly recommend!",Tracy Silva,2023-12-02
REV_00000391,PROD_00000406,CUST_00000092,4,Best purchase I've made this year.,Elizabeth Adams,2022-06-03
REV_00000392,PROD_00000863,CUST_00000594,5,"Great product, highly recommend!",Shawn Bridges,2022-09-01
REV_00000393,PROD_00000407,CUST_00000372,1,Broke after a week of use.,Connor Kane,2021-11-30
REV_00000394,PROD_00000604,CUST_00000893,5,Perfect fit and fast shipping.,Richard Parsons,2024-11-02
REV_00000395,PROD_00000429,CUST_00000820,3,"Does what it says, nothing more.",Tara Morton,2024-05-31
REV_00000396,PROD_00000719,CUST_00000099,5,Exactly what I was looking for.,Calvin Taylor,2022-10-25
REV_00000397,PROD_00000232,CUST_00000510,4,Perfect fit and fast shipping.,Richard Crawford,2024-03-28
REV_00000398,PROD_00000820,CUST_00000565,3,"Decent quality, average product.",Patricia Parker,2024-05-31
REV_00000399,PROD_00000711,CUST_00000853,5,Perfect fit and fast shipping.,Matthew Jackson,2023-05-25
REV_00000400,PROD_00000430,CUST_00000592,5,Love it! Will buy again.,Robert Carpenter,2021-07-16
REV_00000401,PROD_00000038,CUST_00000824,4,"Great product, highly recommend!",Matthew Gill,2024-08-17
REV_00000402,PROD_00000424,CUST_00000986,4,"Wonderful product, five stars!",John Lee,2023-01-14
REV_00000403,PROD_00000399,CUST_00000871,1,Very disappointed with the quality.,Kristen Patton,2023-12-27
REV_00000404,PROD_00000881,CUST_00000507,5,Love it! Will buy again.,Rachel Smith,2023-07-13
REV_00000405,PROD_00000965,CUST_00000969,5,Perfect fit and fast shipping.,Kimberly Davis,2022-09-25
REV_00000406,PROD_00000908,CUST_00000343,4,Best purchase I've made this year.,William Wright,2025-05-03
REV_00000407,PROD_00000589,CUST_00000962,5,Exactly what I was looking for.,Patricia Smith,2024-09-11
REV_00000408,PROD_00000579,CUST_00000963,3,"Does what it says, nothing more.",Daniel Gonzalez,2025-05-21
REV_00000409,PROD_00000185,CUST_00000246,5,Best purchase I've made this year.,Kayla Baker,2023-03-17
REV_00000410,PROD_00000377,CUST_00000801,4,"Great product, highly recommend!",Jacob Flores,2022-01-23
REV_00000411,PROD_00000275,CUST_00000472,4,"Wonderful product, five stars!",Susan Long,2025-11-05
REV_00000412,PROD_00000602,CUST_00000279,1,"Not as described, returning it.",Amanda Barrett,2024-02-16
REV_00000413,PROD_00000286,CUST_00000774,5,Best purchase I've made this year.,Juan Johnson,2023-04-18
REV_00000414,PROD_00000348,CUST_00000853,5,"Great product, highly recommend!",Susan Johnston,2024-08-07
REV_00000415,PROD_00000719,CUST_00000510,5,Amazing quality for the price.,Spencer Molina,2021-08-03
REV_00000416,PROD_00000530,CUST_00000431,3,Acceptable but could be better.,Erin Collier,2022-03-06
REV_00000417,PROD_00000756,CUST_00000442,3,"It's okay, nothing special.",Amy Davis,2021-07-20
REV_00000418,PROD_00000831,CUST_00000261,4,"Wonderful product, five stars!",Daniel Stephens,2022-01-01
REV_00000419,PROD_00000007,CUST_00000845,5,Amazing quality for the price.,Regina Cook,2025-12-17
REV_00000420,PROD_00000188,CUST_00000744,5,Love it! Will buy again.,Kristin Williams,2021-07-06
REV_00000421,PROD_00000974,CUST_00000760,3,"Does what it says, nothing more.",Mr. Thomas Mcbride,2025-11-08
REV_00000422,PROD_00000600,CUST_00000255,5,"Wonderful product, five stars!",Misty Rodriguez,2022-08-05
REV_00000423,PROD_00000116,CUST_00000461,5,Love it! Will buy again.,Joseph Stone,2022-10-18
REV_00000424,PROD_00000499,CUST_00000595,3,"It's okay, nothing special.",Hannah Todd,2025-10-09
REV_00000425,PROD_00000063,CUST_00000265,4,"Wonderful product, five stars!",Rachel Wilson,2022-02-04
REV_00000426,PROD_00000441,CUST_00000515,2,Very disappointed with the quality.,Jeffrey Davis,2023-06-04
REV_00000427,PROD_00000344,CUST_00000445,5,Amazing quality for the price.,Linda King,2023-08-14
REV_00000428,PROD_00000587,CUST_00000223,5,Best purchase I've made this year.,Andrew Dillon,2022-09-11
REV_00000429,PROD_00000379,CUST_00000762,5,Exactly what I was looking for.,Jack Bridges,2023-07-01
REV_00000430,PROD_00000295,CUST_00000192,5,"Wonderful product, five stars!",Jeanne Herrera,2022-10-23
REV_00000431,PROD_00000683,CUST_00000558,3,Acceptable but could be better.,Scott Edwards,2025-04-18
REV_00000432,PROD_00000232,CUST_00000440,5,Amazing quality for the price.,Richard Schultz,2025-06-03
REV_00000433,PROD_00000440,CUST_00000807,5,"Wonderful product, five stars!",Jonathan Lang,2023-05-27
REV_00000434,PROD_00000394,CUST_00000269,5,Amazing quality for the price.,Isaac Oliver,2023-08-19
REV_00000435,PROD_00000760,CUST_00000041,4,Amazing quality for the price.,Kyle Jackson,2024-08-25
REV_00000436,PROD_00000875,CUST_00000651,5,Best purchase I've made this year.,Douglas Ayala,2024-06-22
REV_00000437,PROD_00000737,CUST_00000041,5,Exactly what I was looking for.,Steven Hoffman,2025-07-19
REV_00000438,PROD_00000276,CUST_00000331,5,Exceeded my expectations.,Catherine James,2025-06-02
REV_00000439,PROD_00000874,CUST_00000175,5,Exceeded my expectations.,Katrina Collins,2021-11-13
REV_00000440,PROD_00000704,CUST_00000433,4,Love it! Will buy again.,Kelsey Myers,2024-05-15
REV_00000441,PROD_00000167,CUST_00000449,5,Best purchase I've made this year.,Stephen Dunn,2025-06-18
REV_00000442,PROD_00000982,CUST_00000803,4,Exceeded my expectations.,Daniel Rogers,2025-03-25
REV_00000443,PROD_00000099,CUST_00000931,1,"Waste of money, avoid.",Mary Walton,2025-04-02
REV_00000444,PROD_00000883,CUST_00000323,5,"Wonderful product, five stars!",Matthew Miller,2023-09-24
REV_00000445,PROD_00000412,CUST_00000900,4,Perfect fit and fast shipping.,Michael Gonzalez,2025-04-19
REV_00000446,PROD_00000228,CUST_00000280,3,Fair value for money.,Robert Shah,2025-04-15
REV_00000447,PROD_00000414,CUST_00000094,5,Love it! Will buy again.,Carla Hunter,2025-03-07
REV_00000448,PROD_00000314,CUST_00000864,1,Terrible customer service.,Edward Bryant,2024-06-10
REV_00000449,PROD_00000326,CUST_00000881,5,Perfect fit and fast shipping.,Rachel Griffin,2024-03-08
REV_00000450,PROD_00000062,CUST_00000340,2,"Not as described, returning it.",Cristina Oliver,2022-11-28
REV_00000451,PROD_00000129,CUST_00000420,4,"Great product, highly recommend!",Ashley Gallagher,2021-08-02
REV_00000452,PROD_00000762,CUST_00000205,4,Exceeded my expectations.,Michael Parrish,2025-08-16
REV_00000453,PROD_00000452,CUST_00000568,5,Love it! Will buy again.,Sierra Reed,2023-05-03
REV_00000454,PROD_00000409,CUST_00000743,3,"Does what it says, nothing more.",Mary Mills,2022-12-07
REV_00000455,PROD_00000423,CUST_00000260,5,Best purchase I've made this year.,Robin Stanley,2023-01-28
REV_00000456,PROD_00000651,CUST_00000732,5,"Wonderful product, five stars!",Mark Potter,2021-10-26
REV_00000457,PROD_00000230,CUST_00000680,5,Perfect fit and fast shipping.,Melanie Torres,2025-08-21
REV_00000458,PROD_00000571,CUST_00000683,2,Very disappointed with the quality.,Elizabeth Hill,2022-04-04
REV_00000459,PROD_00000677,CUST_00000826,4,"Great product, highly recommend!",Christie Woods,2025-08-07
REV_00000460,PROD_00000512,CUST_00000830,5,Exactly what I was looking for.,Jennifer Reese,2021-09-06
REV_00000461,PROD_00000716,CUST_00000391,3,Acceptable but could be better.,Glenn Washington,2025-01-16
REV_00000462,PROD_00000925,CUST_00000649,2,Would not recommend to anyone.,Sarah Cruz,2024-05-01
REV_00000463,PROD_00000610,CUST_00000278,4,Best purchase I've made this year.,Dana Roberts,2022-04-12
REV_00000464,PROD_00000338,CUST_00000772,5,Amazing quality for the price.,Caleb Hunter,2023-06-24
REV_00000465,PROD_00000246,CUST_00000896,4,"Great product, highly recommend!",Debbie Edwards,2025-04-08
REV_00000466,PROD_00000649,CUST_00000932,4,Love it! Will buy again.,Tiffany Martinez,2024-07-02
REV_00000467,PROD_00000558,CUST_00000481,5,Exactly what I was looking for.,Thomas Palmer,2025-02-19
REV_00000468,PROD_00000204,CUST_00000966,5,Perfect fit and fast shipping.,Eric King,2023-01-11
REV_00000469,PROD_00000905,CUST_00000451,1,Would not recommend to anyone.,Jeffery Mejia,2025-12-16
REV_00000470,PROD_00000193,CUST_00000291,2,"Waste of money, avoid.",Amber Collier,2024-04-21
REV_00000471,PROD_00000839,CUST_00000801,2,Terrible customer service.,Darlene Kent,2023-12-21
REV_00000472,PROD_00000359,CUST_00000647,1,Very disappointed with the quality.,Gabriel Kidd,2023-04-10
REV_00000473,PROD_00000554,CUST_00000105,3,Acceptable but could be better.,Tyler Cameron Jr.,2024-12-27
REV_00000474,PROD_00000674,CUST_00000739,3,"It's okay, nothing special.",Jane Davis,2024-04-19
REV_00000475,PROD_00000736,CUST_00000951,4,Exceeded my expectations.,Michael Gray,2023-04-12
REV_00000476,PROD_00000254,CUST_00000377,3,"It's okay, nothing special.",Wendy Bell,2023-10-19
REV_00000477,PROD_00000284,CUST_00000943,4,Love it! Will buy again.,Cole Coleman,2022-06-28
REV_00000478,PROD_00000218,CUST_00000190,5,Love it! Will buy again.,Debra Cummings,2024-04-21
REV_00000479,PROD_00000612,CUST_00000195,2,"Not as described, returning it.",Derek Soto,2023-04-27
REV_00000480,PROD_00000573,CUST_00000576,4,Love it! Will buy again.,Alexis Smith,2025-10-06
REV_00000481,PROD_00000552,CUST_00000377,3,Fair value for money.,James Day,2024-01-28
REV_00000482,PROD_00000182,CUST_00000683,4,Exceeded my expectations.,Elizabeth Cooper,2023-12-06
REV_00000483,PROD_00000571,CUST_00000018,5,Amazing quality for the price.,Ian Ramirez,2023-09-27
REV_00000484,PROD_00000974,CUST_00000259,5,Exactly what I was looking for.,Marisa Murphy,2024-01-04
REV_00000485,PROD_00000941,CUST_00000827,4,Perfect fit and fast shipping.,Kimberly Mathews,2024-08-16
REV_00000486,PROD_00000223,CUST_00000372,5,Love it! Will buy again.,Andrew Wiggins,2024-06-04
REV_00000487,PROD_00000208,CUST_00000702,5,Best purchase I've made this year.,James Barber,2024-02-07
REV_00000488,PROD_00000423,CUST_00000807,2,Very disappointed with the quality.,Kelly Nichols,2022-07-12
REV_00000489,PROD_00000170,CUST_00000987,3,"Does what it says, nothing more.",Joseph Dyer,2025-10-22
REV_00000490,PROD_00000139,CUST_00000832,5,Love it! Will buy again.,Joshua Moreno,2022-03-01
REV_00000491,PROD_00000203,CUST_00000969,5,Love it! Will buy again.,Michelle Werner,2023-06-11
REV_00000492,PROD_00000254,CUST_00000765,4,Perfect fit and fast shipping.,Allison Wheeler,2022-12-01
REV_00000493,PROD_00000166,CUST_00000593,3,"Does what it says, nothing more.",Timothy French,2025-12-27
REV_00000494,PROD_00000569,CUST_00000060,5,Exactly what I was looking for.,Janice King,2021-07-31
REV_00000495,PROD_00000635,CUST_00000105,2,Broke after a week of use.,Alex Smith,2024-07-29
REV_00000496,PROD_00000396,CUST_00000426,5,Exactly what I was looking for.,Deborah Reeves,2022-10-26
REV_00000497,PROD_00000426,CUST_00000877,1,"Waste of money, avoid.",Leonard Williams,2024-05-19
REV_00000498,PROD_00000447,CUST_00000261,1,Very disappointed with the quality.,Jose Hall,2023-11-19
REV_00000499,PROD_00000506,CUST_00000767,4,Exactly what I was looking for.,Christopher Little,2022-06-15
REV_00000500,PROD_00000137,CUST_00000046,5,Exceeded my expectations.,Miguel Taylor,2022-05-13
REV_00000501,PROD_00000406,CUST_00000644,2,"Not as described, returning it.",Mrs. Christine Crawford DVM,2025-06-05
REV_00000502,PROD_00000934,CUST_00000526,5,Perfect fit and fast shipping.,Erica Green,2025-09-14
REV_00000503,PROD_00000969,CUST_00000477,2,Very disappointed with the quality.,Thomas Cruz,2022-07-04
REV_00000504,PROD_00000762,CUST_00000267,4,Perfect fit and fast shipping.,Kevin Green,2021-06-07
REV_00000505,PROD_00000569,CUST_00000956,3,"Does what it says, nothing more.",Daniel Bridges,2025-04-15
REV_00000506,PROD_00000579,CUST_00000534,5,Amazing quality for the price.,Peter Sandoval,2023-12-16
REV_00000507,PROD_00000231,CUST_00000106,5,"Wonderful product, five stars!",Kevin Williams,2024-08-02
REV_00000508,PROD_00000995,CUST_00000517,1,Broke after a week of use.,Pam Callahan,2024-01-11
REV_00000509,PROD_00000244,CUST_00000693,2,Terrible customer service.,Kristine Oneal,2024-04-09
REV_00000510,PROD_00000286,CUST_00000396,5,Exactly what I was looking for.,Sarah Davis,2022-04-23
REV_00000511,PROD_00000633,CUST_00000149,4,Perfect fit and fast shipping.,Hannah Mendez,2025-05-28
REV_00000512,PROD_00000922,CUST_00000847,4,"Wonderful product, five stars!",Charles Brown,2023-03-16
REV_00000513,PROD_00000968,CUST_00000280,2,"Waste of money, avoid.",Antonio Johnson,2025-03-29
REV_00000514,PROD_00000054,CUST_00000525,5,Best purchase I've made this year.,Michelle Moore,2021-10-21
REV_00000515,PROD_00000800,CUST_00000864,5,"Great product, highly recommend!",Adam Edwards,2022-06-29
REV_00000516,PROD_00000790,CUST_00000026,1,"Waste of money, avoid.",Michael Wilson,2022-09-26
REV_00000517,PROD_00000392,CUST_00000552,4,Perfect fit and fast shipping.,Donna Moody,2024-02-12
REV_00000518,PROD_00000877,CUST_00000282,5,Love it! Will buy again.,Sarah Haynes,2025-12-17
REV_00000519,PROD_00000578,CUST_00000484,4,Amazing quality for the price.,Jason Love,2022-10-04
REV_00000520,PROD_00000270,CUST_00000941,4,"Great product, highly recommend!",Vanessa Moore,2025-02-04
REV_00000521,PROD_00000389,CUST_00000798,4,"Wonderful product, five stars!",Dylan Mckenzie,2024-01-07
REV_00000522,PROD_00000013,CUST_00000064,1,Broke after a week of use.,Andrew Martinez,2022-07-17
REV_00000523,PROD_00000343,CUST_00000111,5,Exactly what I was looking for.,Laura White,2022-05-20
REV_00000524,PROD_00000636,CUST_00000841,4,Love it! Will buy again.,David Ward,2022-08-06
REV_00000525,PROD_00000589,CUST_00000088,4,Amazing quality for the price.,Thomas Lopez,2021-06-03
REV_00000526,PROD_00000339,CUST_00000636,3,Acceptable but could be better.,Emma Berry,2024-01-12
REV_00000527,PROD_00000024,CUST_00000422,5,Love it! Will buy again.,Tanner Cunningham,2021-10-09
REV_00000528,PROD_00000035,CUST_00000658,5,Amazing quality for the price.,Arthur Olson,2024-06-03
REV_00000529,PROD_00000974,CUST_00000905,4,"Great product, highly recommend!",Erica Carlson,2025-02-07
REV_00000530,PROD_00000836,CUST_00000726,5,Love it! Will buy again.,Judy Sanders,2025-07-11
REV_00000531,PROD_00000922,CUST_00000440,2,Would not recommend to anyone.,Christopher Singleton,2024-03-20
REV_00000532,PROD_00000586,CUST_00000128,5,Love it! Will buy again.,Megan Williamson,2021-11-07
REV_00000533,PROD_00000486,CUST_00000294,4,"Great product, highly recommend!",Jeffrey Herrera,2021-06-17
REV_00000534,PROD_00000422,CUST_00000149,3,"Decent quality, average product.",Jason Reed,2025-04-19
REV_00000535,PROD_00000290,CUST_00000327,2,Broke after a week of use.,Daniel Moss,2022-05-22
REV_00000536,PROD_00000290,CUST_00000140,3,Acceptable but could be better.,Cameron Jones,2024-04-21
REV_00000537,PROD_00000019,CUST_00000804,5,Love it! Will buy again.,Philip Graves,2023-11-06
REV_00000538,PROD_00000771,CUST_00000122,5,Perfect fit and fast shipping.,Heather Clark,2022-09-26
REV_00000539,PROD_00000628,CUST_00000523,5,"Wonderful product, five stars!",Rachel White,2024-08-22
REV_00000540,PROD_00000292,CUST_00000384,1,Very disappointed with the quality.,Omar Lewis,2025-12-04
REV_00000541,PROD_00000772,CUST_00000963,5,"Great product, highly recommend!",Donna Rowe,2023-01-31
REV_00000542,PROD_00000378,CUST_00000283,3,"Decent quality, average product.",Richard Roberts,2023-07-13
REV_00000543,PROD_00000154,CUST_00000764,5,Amazing quality for the price.,Michelle Hall,2023-10-05
REV_00000544,PROD_00000715,CUST_00000447,5,Best purchase I've made this year.,Joseph Gonzalez,2025-11-14
REV_00000545,PROD_00000643,CUST_00000967,2,"Not as described, returning it.",Heidi Watson,2025-08-17
REV_00000546,PROD_00000128,CUST_00000194,5,"Wonderful product, five stars!",Andrew Vincent,2023-08-05
REV_00000547,PROD_00000433,CUST_00000842,1,"Waste of money, avoid.",Melissa Frederick,2024-01-18
REV_00000548,PROD_00000777,CUST_00000707,2,"Not as described, returning it.",Vincent Bell,2023-08-11
REV_00000549,PROD_00000814,CUST_00000593,5,Perfect fit and fast shipping.,Michael Mitchell MD,2022-05-08
REV_00000550,PROD_00000962,CUST_00000619,2,"Not as described, returning it.",Alisha Hartman,2022-07-11
REV_00000551,PROD_00000270,CUST_00000833,4,Best purchase I've made this year.,Misty Bowman,2025-03-28
REV_00000552,PROD_00000515,CUST_00000930,3,"Does what it says, nothing more.",Nancy Hernandez,2024-12-31
REV_00000553,PROD_00000258,CUST_00000973,4,Best purchase I've made this year.,Julie Rivers,2022-12-12
REV_00000554,PROD_00000342,CUST_00000206,1,Broke after a week of use.,Frank Snow,2022-12-29
REV_00000555,PROD_00000502,CUST_00000721,5,Love it! Will buy again.,Anthony Kent,2022-01-07
REV_00000556,PROD_00000989,CUST_00000639,1,Very disappointed with the quality.,Daniel Smith,2021-10-25
REV_00000557,PROD_00000417,CUST_00000546,5,Perfect fit and fast shipping.,Brian Taylor,2024-02-26
REV_00000558,PROD_00000100,CUST_00000064,5,Love it! Will buy again.,Tonya Rodriguez,2024-09-16
REV_00000559,PROD_00000394,CUST_00000017,4,Exceeded my expectations.,Robert Carlson,2025-08-12
REV_00000560,PROD_00000879,CUST_00000435,5,"Great product, highly recommend!",Connor Peters,2025-01-11
REV_00000561,PROD_00000053,CUST_00000761,2,"Waste of money, avoid.",Annette Cherry,2025-03-04
REV_00000562,PROD_00000428,CUST_00000105,3,"It's okay, nothing special.",Jennifer Hall,2022-10-04
REV_00000563,PROD_00000678,CUST_00000440,2,Broke after a week of use.,Patrick Francis,2022-05-19
REV_00000564,PROD_00000149,CUST_00000857,4,"Wonderful product, five stars!",Dennis Harris,2024-03-07
REV_00000565,PROD_00000991,CUST_00000620,5,Perfect fit and fast shipping.,George Johnson,2021-08-20
REV_00000566,PROD_00000675,CUST_00000734,2,Terrible customer service.,Ruben Long,2023-10-18
REV_00000567,PROD_00000451,CUST_00000688,5,Amazing quality for the price.,Jessica Pierce,2023-05-06
REV_00000568,PROD_00000595,CUST_00000228,5,Exactly what I was looking for.,Pamela Choi,2022-08-08
REV_00000569,PROD_00000534,CUST_00000702,1,"Waste of money, avoid.",Margaret Juarez,2024-07-21
REV_00000570,PROD_00000532,CUST_00000952,5,"Wonderful product, five stars!",Christopher Herrera,2025-01-03
REV_00000571,PROD_00000868,CUST_00000395,5,"Great product, highly recommend!",Terrence Mccarthy,2023-06-10
REV_00000572,PROD_00000723,CUST_00000213,5,Perfect fit and fast shipping.,George Mcguire,2025-07-03
REV_00000573,PROD_00000366,CUST_00000916,4,Perfect fit and fast shipping.,Michael Clark,2022-10-23
REV_00000574,PROD_00000324,CUST_00000733,3,Fair value for money.,Samantha Hart,2023-01-15
REV_00000575,PROD_00000864,CUST_00000836,4,Best purchase I've made this year.,Andrew Koch,2023-11-30
REV_00000576,PROD_00000520,CUST_00000674,5,"Wonderful product, five stars!",Bradley Gibson,2022-09-23
REV_00000577,PROD_00000819,CUST_00000298,4,Exactly what I was looking for.,Michael Garcia,2025-11-06
REV_00000578,PROD_00000666,CUST_00000425,5,Exceeded my expectations.,George Gibson,2023-06-25
REV_00000579,PROD_00000563,CUST_00000761,5,"Great product, highly recommend!",Kristin Harrison DDS,2025-06-02
REV_00000580,PROD_00000246,CUST_00000702,3,"Decent quality, average product.",James Suarez,2023-05-28
REV_00000581,PROD_00000449,CUST_00000401,4,Exactly what I was looking for.,Erin Mitchell,2024-09-10
REV_00000582,PROD_00000154,CUST_00000524,5,Love it! Will buy again.,Ms. Alexis Salazar,2022-05-12
REV_00000583,PROD_00000246,CUST_00000580,3,Fair value for money.,Jessica Lawson,2024-01-11
REV_00000584,PROD_00000815,CUST_00000553,3,"Does what it says, nothing more.",Nathaniel Smith,2021-09-13
REV_00000585,PROD_00000043,CUST_00000398,1,Would not recommend to anyone.,Jessica Hurley,2025-10-10
REV_00000586,PROD_00000393,CUST_00000260,3,Fair value for money.,Laura Lawson MD,2023-07-28
REV_00000587,PROD_00000163,CUST_00000126,4,"Great product, highly recommend!",Ashley Hudson,2025-10-28
REV_00000588,PROD_00000466,CUST_00000226,1,"Not as described, returning it.",Stacie Burton,2025-06-18
REV_00000589,PROD_00000512,CUST_00000722,1,"Waste of money, avoid.",Wayne Pruitt,2025-01-08
REV_00000590,PROD_00000147,CUST_00000333,4,Best purchase I've made this year.,James Thompson,2023-08-04
REV_00000591,PROD_00000944,CUST_00000330,3,"Decent quality, average product.",Angela Dominguez,2022-06-28
REV_00000592,PROD_00000848,CUST_00000910,1,"Not as described, returning it.",Charles Davis,2021-12-13
REV_00000593,PROD_00000156,CUST_00000265,5,Perfect fit and fast shipping.,Johnny Durham,2022-07-27
REV_00000594,PROD_00000515,CUST_00000171,4,Exactly what I was looking for.,Jennifer Robinson,2025-07-10
REV_00000595,PROD_00000146,CUST_00000916,2,Broke after a week of use.,Jody Cook,2023-10-29
REV_00000596,PROD_00000512,CUST_00000001,5,Amazing quality for the price.,Shawn Johnson,2022-01-04
REV_00000597,PROD_00000269,CUST_00000876,3,"It's okay, nothing special.",Robin Munoz,2021-10-31
REV_00000598,PROD_00000411,CUST_00000861,3,"Decent quality, average product.",Jeffrey Reynolds,2021-07-07
REV_00000599,PROD_00000244,CUST_00000721,5,Amazing quality for the price.,Kim Li,2023-04-21
REV_00000600,PROD_00000296,CUST_00000241,2,"Waste of money, avoid.",Debra Jones,2025-03-03
REV_00000601,PROD_00000807,CUST_00000584,5,Perfect fit and fast shipping.,Thomas Brown,2023-05-13
REV_00000602,PROD_00000314,CUST_00000785,5,"Wonderful product, five stars!",Jennifer Boyer,2024-09-06
REV_00000603,PROD_00000569,CUST_00000981,3,"It's okay, nothing special.",Elizabeth Gilbert,2022-04-06
REV_00000604,PROD_00000280,CUST_00000601,1,Very disappointed with the quality.,Christine Austin,2025-12-17
REV_00000605,PROD_00000477,CUST_00000020,1,Terrible customer service.,Jack Tyler,2025-03-09
REV_00000606,PROD_00000119,CUST_00000315,2,Would not recommend to anyone.,Angela Morgan,2022-02-05
REV_00000607,PROD_00000534,CUST_00000473,5,Exceeded my expectations.,Austin Williams,2025-04-03
REV_00000608,PROD_00000563,CUST_00000981,4,Perfect fit and fast shipping.,Anthony Guerrero,2023-12-29
REV_00000609,PROD_00000474,CUST_00000141,1,Terrible customer service.,Gary Perry,2023-06-10
REV_00000610,PROD_00000212,CUST_00000889,4,Exceeded my expectations.,Lori Fritz,2024-08-12
REV_00000611,PROD_00000728,CUST_00000333,3,"Decent quality, average product.",Kimberly Bishop,2023-02-15
REV_00000612,PROD_00000588,CUST_00000687,3,Fair value for money.,Virginia Dillon,2025-07-22
REV_00000613,PROD_00000466,CUST_00000050,2,Would not recommend to anyone.,David Martin,2021-08-31
REV_00000614,PROD_00000716,CUST_00000606,5,Exactly what I was looking for.,Keith Hammond,2024-09-17
REV_00000615,PROD_00000166,CUST_00000461,1,Terrible customer service.,Brian Reed,2024-07-26
REV_00000616,PROD_00000480,CUST_00000680,4,"Great product, highly recommend!",Taylor Hamilton,2024-12-23
REV_00000617,PROD_00000383,CUST_00000391,1,Would not recommend to anyone.,Marvin Juarez,2025-06-05
REV_00000618,PROD_00000061,CUST_00000055,4,"Great product, highly recommend!",Stephanie Rodriguez,2024-12-04
REV_00000619,PROD_00000817,CUST_00000051,3,"It's okay, nothing special.",Dominic Valdez,2025-03-03
REV_00000620,PROD_00000279,CUST_00000490,1,Very disappointed with the quality.,Michelle Chandler,2022-12-27
REV_00000621,PROD_00000772,CUST_00000332,4,"Great product, highly recommend!",Ashley Martinez,2022-09-27
REV_00000622,PROD_00000588,CUST_00000898,4,Perfect fit and fast shipping.,Natasha Carter,2023-09-12
REV_00000623,PROD_00000209,CUST_00000270,3,"Does what it says, nothing more.",Anthony Bailey,2022-03-29
REV_00000624,PROD_00000981,CUST_00000362,5,Love it! Will buy again.,Michele Craig,2024-10-18
REV_00000625,PROD_00000037,CUST_00000145,4,Exceeded my expectations.,Don Martin,2022-10-01
REV_00000626,PROD_00000605,CUST_00000589,5,Exactly what I was looking for.,Jennifer Robinson,2022-09-27
REV_00000627,PROD_00000134,CUST_00000129,4,Best purchase I've made this year.,Benjamin White,2023-03-10
REV_00000628,PROD_00000751,CUST_00000375,5,"Wonderful product, five stars!",Elizabeth Taylor,2022-12-03
REV_00000629,PROD_00000412,CUST_00000505,4,"Wonderful product, five stars!",Melissa Lyons,2022-09-06
REV_00000630,PROD_00000648,CUST_00000623,2,Very disappointed with the quality.,Cassandra Peterson,2025-03-05
REV_00000631,PROD_00000735,CUST_00000001,5,"Great product, highly recommend!",Misty Smith,2022-03-30
REV_00000632,PROD_00000148,CUST_00000367,5,Perfect fit and fast shipping.,David Herrera,2022-07-23
REV_00000633,PROD_00000912,CUST_00000538,5,"Great product, highly recommend!",Douglas Soto,2021-08-07
REV_00000634,PROD_00000397,CUST_00000628,1,Would not recommend to anyone.,Michael Hickman,2021-07-27
REV_00000635,PROD_00000252,CUST_00000495,4,Love it! Will buy again.,Samantha Trujillo,2025-07-03
REV_00000636,PROD_00000503,CUST_00000174,4,"Wonderful product, five stars!",Matthew Walton,2024-08-20
REV_00000637,PROD_00000507,CUST_00000525,5,"Great product, highly recommend!",Ricky Valentine,2021-12-18
REV_00000638,PROD_00000591,CUST_00000034,5,Love it! Will buy again.,Scott Smith,2023-01-20
REV_00000639,PROD_00000244,CUST_00000318,4,Amazing quality for the price.,Matthew Garcia,2023-09-08
REV_00000640,PROD_00000830,CUST_00000744,5,Exactly what I was looking for.,Richard Hammond,2024-04-28
REV_00000641,PROD_00000973,CUST_00000585,3,Fair value for money.,Timothy Stephenson,2025-08-14
REV_00000642,PROD_00000367,CUST_00000563,3,Acceptable but could be better.,Kimberly Jacobs,2024-11-23
REV_00000643,PROD_00000450,CUST_00000211,3,Fair value for money.,Christopher Franklin PhD,2024-07-12
REV_00000644,PROD_00000120,CUST_00000727,1,Broke after a week of use.,Alexis Graham,2025-04-02
REV_00000645,PROD_00000309,CUST_00000553,3,"Does what it says, nothing more.",Sean Garcia,2021-10-13
REV_00000646,PROD_00000634,CUST_00000311,2,Broke after a week of use.,Emily Jones,2023-10-11
REV_00000647,PROD_00000212,CUST_00000924,4,Amazing quality for the price.,Matthew Young,2023-07-14
REV_00000648,PROD_00000284,CUST_00000094,4,Best purchase I've made this year.,Chad Singleton,2024-01-06
REV_00000649,PROD_00000254,CUST_00000189,5,Perfect fit and fast shipping.,Cynthia George,2024-07-21
REV_00000650,PROD_00000530,CUST_00000647,4,Perfect fit and fast shipping.,James Parker,2023-01-16
REV_00000651,PROD_00000263,CUST_00000718,4,Exceeded my expectations.,Julie Mendoza,2021-12-30
REV_00000652,PROD_00000277,CUST_00000514,3,"Does what it says, nothing more.",Joe Mack,2023-07-27
REV_00000653,PROD_00000041,CUST_00000204,5,Amazing quality for the price.,Brandon Taylor,2022-10-15
REV_00000654,PROD_00000423,CUST_00000491,1,"Waste of money, avoid.",Erica Allen,2024-09-11
REV_00000655,PROD_00000969,CUST_00000753,5,"Great product, highly recommend!",Curtis Melton,2024-12-20
REV_00000656,PROD_00000509,CUST_00000770,4,Perfect fit and fast shipping.,James Durham,2024-11-11
REV_00000657,PROD_00000364,CUST_00000668,2,"Waste of money, avoid.",Jeremy King,2025-09-17
REV_00000658,PROD_00000906,CUST_00000054,4,Exceeded my expectations.,Cheryl Escobar,2021-11-18
REV_00000659,PROD_00000543,CUST_00000476,1,Very disappointed with the quality.,Brian Davis,2022-07-25
REV_00000660,PROD_00000810,CUST_00000972,2,Broke after a week of use.,Darrell Roberts,2025-09-08
REV_00000661,PROD_00000461,CUST_00000094,3,Fair value for money.,Rachel Turner,2024-06-25
REV_00000662,PROD_00000453,CUST_00000314,4,Best purchase I've made this year.,Matthew Gonzalez,2023-09-02
REV_00000663,PROD_00000315,CUST_00000943,2,Terrible customer service.,Stephen Smith,2021-06-21
REV_00000664,PROD_00000630,CUST_00000573,5,"Great product, highly recommend!",Lisa Shea,2022-03-17
REV_00000665,PROD_00000360,CUST_00000360,5,Perfect fit and fast shipping.,Marissa Collins,2023-02-12
REV_00000666,PROD_00000234,CUST_00000168,4,Best purchase I've made this year.,Danielle Kelly,2024-06-10
REV_00000667,PROD_00000934,CUST_00000982,3,Fair value for money.,Grant Trevino,2021-09-15
REV_00000668,PROD_00000043,CUST_00000786,2,Terrible customer service.,Jessica Miller,2023-04-20
REV_00000669,PROD_00000228,CUST_00000398,1,Broke after a week of use.,Jason Meadows,2024-01-01
REV_00000670,PROD_00000898,CUST_00000537,5,Exactly what I was looking for.,Bradley Reilly,2022-03-13
REV_00000671,PROD_00000646,CUST_00000394,5,Amazing quality for the price.,Clinton Fischer,2023-02-11
REV_00000672,PROD_00000333,CUST_00000356,4,"Wonderful product, five stars!",Charles Nguyen,2025-09-21
REV_00000673,PROD_00000669,CUST_00000048,2,Terrible customer service.,Eric Keller,2023-07-23
REV_00000674,PROD_00000492,CUST_00000432,3,"Does what it says, nothing more.",Samantha Larson,2025-02-14
REV_00000675,PROD_00000206,CUST_00000701,5,Amazing quality for the price.,Laura Joseph,2023-05-29
REV_00000676,PROD_00000926,CUST_00000053,4,"Wonderful product, five stars!",Jennifer Beltran,2023-09-06
REV_00000677,PROD_00000089,CUST_00000241,5,Love it! Will buy again.,Joshua Murillo,2021-10-10
REV_00000678,PROD_00000936,CUST_00000905,5,Perfect fit and fast shipping.,Christopher Caldwell,2022-05-05
REV_00000679,PROD_00000099,CUST_00000395,5,Exactly what I was looking for.,William Hughes Jr.,2022-01-07
REV_00000680,PROD_00000037,CUST_00000027,3,Acceptable but could be better.,Brandon Gonzalez,2023-07-22
REV_00000681,PROD_00000374,CUST_00000059,3,"Decent quality, average product.",Rachel Davidson,2023-09-27
REV_00000682,PROD_00000391,CUST_00000186,3,Fair value for money.,Andrew Parker,2021-08-16
REV_00000683,PROD_00000434,CUST_00000141,5,Love it! Will buy again.,Kathryn Smith,2023-01-26
REV_00000684,PROD_00000486,CUST_00000961,3,"It's okay, nothing special.",Stacy Smith,2023-01-13
REV_00000685,PROD_00000914,CUST_00000999,5,Exactly what I was looking for.,Charles Walters,2021-07-20
REV_00000686,PROD_00000392,CUST_00000907,5,Best purchase I've made this year.,Marilyn Duncan,2023-06-18
REV_00000687,PROD_00000711,CUST_00000057,5,"Great product, highly recommend!",Sean Lowe,2025-02-26
REV_00000688,PROD_00000994,CUST_00000707,4,Perfect fit and fast shipping.,Travis Fuller,2022-04-28
REV_00000689,PROD_00000356,CUST_00000450,2,"Waste of money, avoid.",Timothy Michael,2025-01-08
REV_00000690,PROD_00000055,CUST_00000878,2,Would not recommend to anyone.,Timothy Cross,2024-08-19
REV_00000691,PROD_00000617,CUST_00000106,4,Best purchase I've made this year.,Shane Valentine,2024-06-23
REV_00000692,PROD_00000944,CUST_00000280,5,"Great product, highly recommend!",Erik Mitchell,2023-04-09
REV_00000693,PROD_00000755,CUST_00000468,5,Perfect fit and fast shipping.,Jason Wong,2024-02-21
REV_00000694,PROD_00000586,CUST_00000433,2,"Not as described, returning it.",Lisa Hamilton,2025-04-05
REV_00000695,PROD_00000314,CUST_00000680,3,"It's okay, nothing special.",Jean Soto,2024-01-14
REV_00000696,PROD_00000104,CUST_00000847,4,Amazing quality for the price.,Jasmine Palmer,2025-06-03
REV_00000697,PROD_00000733,CUST_00000758,4,Exactly what I was looking for.,Abigail French,2022-04-17
REV_00000698,PROD_00000016,CUST_00000966,2,"Waste of money, avoid.",Christine Anderson,2024-06-18
REV_00000699,PROD_00000409,CUST_00000340,4,Best purchase I've made this year.,Kristina Lang,2022-11-11
REV_00000700,PROD_00000029,CUST_00000726,5,Exactly what I was looking for.,Tiffany Cain,2023-10-16
REV_00000701,PROD_00000776,CUST_00000514,5,Exceeded my expectations.,April Davidson,2023-06-11
REV_00000702,PROD_00000980,CUST_00000950,4,Amazing quality for the price.,Scott Martinez,2024-12-28
REV_00000703,PROD_00000356,CUST_00000399,5,Exactly what I was looking for.,Andrea Gates,2025-02-28
REV_00000704,PROD_00000379,CUST_00000816,3,Acceptable but could be better.,Brandon Fernandez,2024-11-08
REV_00000705,PROD_00000695,CUST_00000866,5,Best purchase I've made this year.,Nicholas Gomez,2025-03-07
REV_00000706,PROD_00000564,CUST_00000182,1,"Waste of money, avoid.",Vanessa Stevenson,2023-05-17
REV_00000707,PROD_00000511,CUST_00000302,3,"It's okay, nothing special.",Kimberly Aguilar,2022-08-07
REV_00000708,PROD_00000347,CUST_00000953,1,"Not as described, returning it.",Michael Sanders,2025-01-28
REV_00000709,PROD_00000845,CUST_00000183,4,Amazing quality for the price.,Kaylee White,2024-02-27
REV_00000710,PROD_00000922,CUST_00000956,5,"Great product, highly recommend!",Jonathan Knight,2022-06-15
REV_00000711,PROD_00000618,CUST_00000510,5,Exceeded my expectations.,Andrea Osborne,2022-02-12
REV_00000712,PROD_00000503,CUST_00000095,5,Exceeded my expectations.,Krystal James,2022-07-02
REV_00000713,PROD_00000025,CUST_00000414,5,Best purchase I've made this year.,Timothy Gilbert,2023-07-29
REV_00000714,PROD_00000092,CUST_00000156,3,"Decent quality, average product.",Cheryl Dennis,2022-02-12
REV_00000715,PROD_00000329,CUST_00000692,4,"Great product, highly recommend!",Jodi George,2024-01-29
REV_00000716,PROD_00000889,CUST_00000097,5,Exceeded my expectations.,Kathy Robles,2021-11-06
REV_00000717,PROD_00000538,CUST_00000937,4,"Great product, highly recommend!",Keith Lee,2023-09-07
REV_00000718,PROD_00000972,CUST_00000369,1,Would not recommend to anyone.,Sherry Walker,2024-02-08
REV_00000719,PROD_00000602,CUST_00000789,5,Exactly what I was looking for.,Tina Doyle,2021-12-20
REV_00000720,PROD_00000687,CUST_00000238,3,Fair value for money.,Toni Navarro,2025-05-07
REV_00000721,PROD_00000342,CUST_00000855,1,Very disappointed with the quality.,Anthony Harrison,2023-04-19
REV_00000722,PROD_00000897,CUST_00000810,4,Exceeded my expectations.,Ryan Taylor,2021-08-21
REV_00000723,PROD_00000448,CUST_00000013,1,Would not recommend to anyone.,Joseph Ochoa,2025-06-09
REV_00000724,PROD_00000396,CUST_00000301,5,Love it! Will buy again.,Kenneth Rivera,2024-04-14
REV_00000725,PROD_00000920,CUST_00000858,5,Love it! Will buy again.,Anne Mcdaniel,2023-12-17
REV_00000726,PROD_00000542,CUST_00000182,3,Fair value for money.,Brittany Farley,2021-06-18
REV_00000727,PROD_00000526,CUST_00000915,5,Exceeded my expectations.,Charles Williams,2025-07-30
REV_00000728,PROD_00000502,CUST_00000155,5,Exactly what I was looking for.,Jacob Tran,2024-01-17
REV_00000729,PROD_00000407,CUST_00000936,2,Terrible customer service.,Kenneth Williamson,2023-11-04
REV_00000730,PROD_00000130,CUST_00000763,5,Love it! Will buy again.,Brian Wilson,2024-07-14
REV_00000731,PROD_00000131,CUST_00000391,4,Exceeded my expectations.,Phillip Harvey,2024-08-16
REV_00000732,PROD_00000518,CUST_00000793,5,Perfect fit and fast shipping.,Patrick Calhoun II,2025-02-09
REV_00000733,PROD_00000723,CUST_00000177,5,Perfect fit and fast shipping.,Judith Moore,2021-06-21
REV_00000734,PROD_00000149,CUST_00000872,2,Would not recommend to anyone.,Julie Baird,2024-02-22
REV_00000735,PROD_00000276,CUST_00000932,5,Exactly what I was looking for.,Samantha Sanchez,2025-11-16
REV_00000736,PROD_00000661,CUST_00000583,5,Exactly what I was looking for.,Juan Carter,2024-08-15
REV_00000737,PROD_00000552,CUST_00000887,3,"Does what it says, nothing more.",Randy Pacheco,2023-02-28
REV_00000738,PROD_00000196,CUST_00000596,1,Would not recommend to anyone.,Sara Murphy,2023-12-24
REV_00000739,PROD_00000409,CUST_00000920,1,Terrible customer service.,Michael Hogan,2023-06-06
REV_00000740,PROD_00000883,CUST_00000701,2,"Waste of money, avoid.",Joe Gonzalez,2023-02-23
REV_00000741,PROD_00000636,CUST_00000604,1,"Not as described, returning it.",Brittney Johnson,2023-03-02
REV_00000742,PROD_00000071,CUST_00000881,3,Fair value for money.,Ellen Lowe,2022-08-20
REV_00000743,PROD_00000199,CUST_00000069,3,"Decent quality, average product.",Makayla Pacheco,2022-03-14
REV_00000744,PROD_00000545,CUST_00000308,2,"Not as described, returning it.",Barbara Wagner,2023-10-16
REV_00000745,PROD_00000819,CUST_00000676,5,"Wonderful product, five stars!",Anthony Cameron,2023-03-27
REV_00000746,PROD_00000602,CUST_00000991,5,Amazing quality for the price.,Amy Smith,2025-02-08
REV_00000747,PROD_00000465,CUST_00000691,5,Love it! Will buy again.,Devon Weeks,2021-12-17
REV_00000748,PROD_00000968,CUST_00000545,3,"Does what it says, nothing more.",Bryan Roberts,2023-07-25
REV_00000749,PROD_00000090,CUST_00000053,5,Best purchase I've made this year.,Michael Wilson,2021-10-26
REV_00000750,PROD_00000885,CUST_00000216,5,"Wonderful product, five stars!",Mercedes Schultz DDS,2022-06-02
REV_00000751,PROD_00000847,CUST_00000714,5,Amazing quality for the price.,Cory Garrett,2022-01-07
REV_00000752,PROD_00000788,CUST_00000038,5,Love it! Will buy again.,Yvonne Mullins MD,2022-01-14
REV_00000753,PROD_00000787,CUST_00000428,5,Perfect fit and fast shipping.,Amy Campbell,2022-04-02
REV_00000754,PROD_00000711,CUST_00000261,3,Fair value for money.,Shane Alexander,2021-11-26
REV_00000755,PROD_00000952,CUST_00000374,1,Terrible customer service.,Leslie Hudson,2025-07-09
REV_00000756,PROD_00000568,CUST_00000031,4,Amazing quality for the price.,Traci Thomas,2024-01-24
REV_00000757,PROD_00000749,CUST_00000393,1,Very disappointed with the quality.,Vanessa Santos,2022-07-22
REV_00000758,PROD_00000001,CUST_00000800,5,"Great product, highly recommend!",Ashley Bowers,2023-01-31
REV_00000759,PROD_00000167,CUST_00000425,4,Amazing quality for the price.,James Lewis,2023-02-18
REV_00000760,PROD_00000549,CUST_00000005,5,Exceeded my expectations.,Jennifer White,2021-10-01
REV_00000761,PROD_00000786,CUST_00000691,5,Exceeded my expectations.,Kelly Fox,2022-03-12
REV_00000762,PROD_00000968,CUST_00000054,4,Perfect fit and fast shipping.,Sean Blackburn,2023-05-08
REV_00000763,PROD_00000591,CUST_00000731,2,"Waste of money, avoid.",Jessica Anderson,2021-06-03
REV_00000764,PROD_00000242,CUST_00000504,3,"Does what it says, nothing more.",Christina Smith,2023-06-30
REV_00000765,PROD_00000134,CUST_00000796,5,Exceeded my expectations.,Erica Joseph,2022-02-17
REV_00000766,PROD_00000252,CUST_00000939,5,"Great product, highly recommend!",Andrew Alvarez,2025-07-04
REV_00000767,PROD_00000869,CUST_00000508,5,Amazing quality for the price.,Casey Farrell,2022-04-28
REV_00000768,PROD_00000022,CUST_00000780,2,Very disappointed with the quality.,Derek Higgins,2024-01-21
REV_00000769,PROD_00000779,CUST_00000453,2,"Waste of money, avoid.",Timothy Flynn,2022-02-16
REV_00000770,PROD_00000730,CUST_00000200,1,Would not recommend to anyone.,Gregory Lang,2024-03-23
REV_00000771,PROD_00000072,CUST_00000273,3,"It's okay, nothing special.",Johnny Jones,2023-07-12
REV_00000772,PROD_00000521,CUST_00000776,5,"Great product, highly recommend!",Jennifer Cobb,2022-08-21
REV_00000773,PROD_00000909,CUST_00000226,2,Terrible customer service.,Jeffrey Carson,2024-10-22
REV_00000774,PROD_00000899,CUST_00000471,4,Best purchase I've made this year.,John Morrow,2023-07-13
REV_00000775,PROD_00000963,CUST_00000018,4,Exceeded my expectations.,Thomas Brown,2022-09-22
REV_00000776,PROD_00000647,CUST_00000755,3,"Does what it says, nothing more.",Patty Clay,2022-12-21
REV_00000777,PROD_00000707,CUST_00000629,5,Exceeded my expectations.,Mariah Case,2023-10-15
REV_00000778,PROD_00000971,CUST_00000010,4,Best purchase I've made this year.,Shannon Vincent,2023-01-16
REV_00000779,PROD_00000814,CUST_00000039,3,Acceptable but could be better.,Melinda Combs,2022-08-14
REV_00000780,PROD_00000570,CUST_00000041,5,Amazing quality for the price.,Kelly Sexton,2021-12-17
REV_00000781,PROD_00000796,CUST_00000620,3,"It's okay, nothing special.",Amy Mitchell,2023-03-30
REV_00000782,PROD_00000501,CUST_00000044,5,Perfect fit and fast shipping.,Corey Reese,2023-12-21
REV_00000783,PROD_00000799,CUST_00000197,5,"Wonderful product, five stars!",George Floyd,2022-03-06
REV_00000784,PROD_00000308,CUST_00000299,5,Exactly what I was looking for.,Katrina Dixon,2024-08-02
REV_00000785,PROD_00000251,CUST_00000209,4,Best purchase I've made this year.,Richard Nixon,2022-03-21
REV_00000786,PROD_00000905,CUST_00000943,5,Amazing quality for the price.,Sarah Steele,2021-12-22
REV_00000787,PROD_00000603,CUST_00000459,5,Best purchase I've made this year.,Darren Miller,2023-10-25
REV_00000788,PROD_00000204,CUST_00000879,3,"It's okay, nothing special.",James Williams MD,2021-08-24
REV_00000789,PROD_00000008,CUST_00000688,5,Exactly what I was looking for.,Kevin Ford,2022-03-20
REV_00000790,PROD_00000108,CUST_00000787,4,Amazing quality for the price.,Kristen Hill,2022-06-25
REV_00000791,PROD_00000745,CUST_00000789,5,"Wonderful product, five stars!",Raymond Tyler,2024-08-05
REV_00000792,PROD_00000854,CUST_00000236,3,"It's okay, nothing special.",Kimberly Nash,2022-07-16
REV_00000793,PROD_00000786,CUST_00000515,5,"Great product, highly recommend!",Troy Perez,2022-10-22
REV_00000794,PROD_00000632,CUST_00000360,4,Perfect fit and fast shipping.,Dr. Paul Bailey Jr.,2024-10-24
REV_00000795,PROD_00000990,CUST_00000824,4,"Wonderful product, five stars!",Pamela Moran,2023-02-08
REV_00000796,PROD_00000817,CUST_00000383,4,Best purchase I've made this year.,William Fritz,2024-05-16
REV_00000797,PROD_00000523,CUST_00000427,3,"Decent quality, average product.",Cathy Holmes,2021-08-31
REV_00000798,PROD_00000373,CUST_00000897,2,Broke after a week of use.,Cindy Bush,2023-07-24
REV_00000799,PROD_00000386,CUST_00000344,1,Terrible customer service.,Sara Thompson,2025-03-25
REV_00000800,PROD_00000925,CUST_00000254,3,"Decent quality, average product.",Savannah Guerra,2022-12-23
REV_00000801,PROD_00000183,CUST_00000548,4,Amazing quality for the price.,David Hill,2025-05-06
REV_00000802,PROD_00000309,CUST_00000507,4,"Wonderful product, five stars!",James Marshall,2023-07-11
REV_00000803,PROD_00000922,CUST_00000518,1,Would not recommend to anyone.,Elizabeth Hogan,2021-12-10
REV_00000804,PROD_00000179,CUST_00000330,4,Best purchase I've made this year.,Connie Riley,2024-07-15
REV_00000805,PROD_00000718,CUST_00000488,2,Would not recommend to anyone.,Alexis Smith,2023-05-08
REV_00000806,PROD_00000604,CUST_00000814,3,Acceptable but could be better.,Jesse Fox,2023-04-01
REV_00000807,PROD_00000227,CUST_00000482,2,Terrible customer service.,Courtney Hill,2024-12-20
REV_00000808,PROD_00000518,CUST_00000472,4,Best purchase I've made this year.,David Montgomery,2025-03-08
REV_00000809,PROD_00000868,CUST_00000919,1,"Waste of money, avoid.",Brandon Soto,2023-11-21
REV_00000810,PROD_00000012,CUST_00000532,3,Fair value for money.,Jeremy Price,2025-06-09
REV_00000811,PROD_00000250,CUST_00000437,4,Amazing quality for the price.,John Hughes,2024-04-25
REV_00000812,PROD_00000418,CUST_00000422,2,Broke after a week of use.,Jasmine Cummings,2023-02-14
REV_00000813,PROD_00000377,CUST_00000803,4,"Great product, highly recommend!",Debra Gutierrez,2023-06-11
REV_00000814,PROD_00000198,CUST_00000162,3,Fair value for money.,Kimberly Buck,2021-12-14
REV_00000815,PROD_00000639,CUST_00000750,5,Amazing quality for the price.,Valerie Velazquez,2022-03-17
REV_00000816,PROD_00000448,CUST_00000434,5,Exactly what I was looking for.,Beth Collins,2025-07-19
REV_00000817,PROD_00000037,CUST_00000559,5,Exactly what I was looking for.,Sandra Jones,2023-07-06
REV_00000818,PROD_00000893,CUST_00000804,4,Perfect fit and fast shipping.,James Long,2025-05-05
REV_00000819,PROD_00000421,CUST_00000016,4,Exactly what I was looking for.,Richard King,2025-05-17
REV_00000820,PROD_00000008,CUST_00000983,5,Love it! Will buy again.,Gabriel Gonzales,2024-11-14
REV_00000821,PROD_00000165,CUST_00000620,4,Exactly what I was looking for.,Ellen Avila,2025-01-12
REV_00000822,PROD_00000120,CUST_00000689,4,Exactly what I was looking for.,Richard Deleon,2024-05-01
REV_00000823,PROD_00000744,CUST_00000065,4,Perfect fit and fast shipping.,Craig Hanna,2024-03-07
REV_00000824,PROD_00000737,CUST_00000575,4,"Great product, highly recommend!",Michael Aguilar,2021-08-27
REV_00000825,PROD_00000372,CUST_00000820,1,Would not recommend to anyone.,Travis Schmitt,2021-11-23
REV_00000826,PROD_00000233,CUST_00000073,5,"Wonderful product, five stars!",Tammy Crane,2023-12-14
REV_00000827,PROD_00000430,CUST_00000204,5,Love it! Will buy again.,Michael Lin,2022-03-05
REV_00000828,PROD_00000287,CUST_00000254,1,Very disappointed with the quality.,Marcus Brown,2025-02-26
REV_00000829,PROD_00000738,CUST_00000572,5,Best purchase I've made this year.,Robert Henderson,2025-01-11
REV_00000830,PROD_00000395,CUST_00000613,3,"Decent quality, average product.",Tammy Sanchez,2024-12-25
REV_00000831,PROD_00000420,CUST_00000529,2,Terrible customer service.,Brett Gardner,2022-07-29
REV_00000832,PROD_00000452,CUST_00000195,5,Perfect fit and fast shipping.,Justin Lewis,2025-05-10
REV_00000833,PROD_00000657,CUST_00000251,1,"Not as described, returning it.",Todd Barber,2021-07-03
REV_00000834,PROD_00000762,CUST_00000550,4,Exceeded my expectations.,Mary Roman,2024-04-17
REV_00000835,PROD_00000272,CUST_00000285,1,Very disappointed with the quality.,Andrew Lin,2021-12-26
REV_00000836,PROD_00000286,CUST_00000543,4,Love it! Will buy again.,Jesus Wilcox,2023-01-23
REV_00000837,PROD_00000039,CUST_00000483,4,Best purchase I've made this year.,Sandra Stewart,2025-11-04
REV_00000838,PROD_00000556,CUST_00000955,5,"Great product, highly recommend!",Janet Meadows,2022-02-03
REV_00000839,PROD_00000497,CUST_00000310,5,Best purchase I've made this year.,Michael Stewart,2025-04-02
REV_00000840,PROD_00000965,CUST_00000870,2,Terrible customer service.,Jim Rogers,2023-09-25
REV_00000841,PROD_00000488,CUST_00000181,4,Amazing quality for the price.,Theresa Maddox,2025-03-13
REV_00000842,PROD_00000372,CUST_00000794,5,Exceeded my expectations.,Brenda Pineda,2023-07-30
REV_00000843,PROD_00000549,CUST_00000653,5,Exactly what I was looking for.,Joseph Sandoval,2021-06-18
REV_00000844,PROD_00000410,CUST_00000245,4,"Wonderful product, five stars!",Lori Tate,2021-12-30
REV_00000845,PROD_00000256,CUST_00000441,4,"Great product, highly recommend!",Jacob Henderson,2022-10-27
REV_00000846,PROD_00000476,CUST_00000275,4,Amazing quality for the price.,Rhonda Brock,2024-06-22
REV_00000847,PROD_00000211,CUST_00000224,4,Amazing quality for the price.,Catherine Griffith,2023-10-05
REV_00000848,PROD_00000405,CUST_00000367,5,"Wonderful product, five stars!",Gregory Fisher,2023-12-09
REV_00000849,PROD_00000604,CUST_00000539,2,Broke after a week of use.,Michael Sexton,2023-08-16
REV_00000850,PROD_00000531,CUST_00000250,5,Exactly what I was looking for.,Cynthia Reed DVM,2024-04-06
REV_00000851,PROD_00000612,CUST_00000743,3,"Decent quality, average product.",Kayla Scott,2024-11-14
REV_00000852,PROD_00000395,CUST_00000013,4,"Great product, highly recommend!",Jose Jones,2022-11-10
REV_00000853,PROD_00000659,CUST_00000308,1,Would not recommend to anyone.,Peter Vazquez,2021-11-24
REV_00000854,PROD_00000581,CUST_00000610,4,Exceeded my expectations.,Tina Walton,2024-07-29
REV_00000855,PROD_00000130,CUST_00000192,4,"Great product, highly recommend!",Christina Mckay,2022-03-25
REV_00000856,PROD_00000025,CUST_00000698,3,Acceptable but could be better.,Larry Ortega,2024-05-22
REV_00000857,PROD_00000627,CUST_00000019,5,Exceeded my expectations.,James Anderson PhD,2024-02-23
REV_00000858,PROD_00000090,CUST_00000339,4,Best purchase I've made this year.,April Joseph,2023-08-06
REV_00000859,PROD_00000798,CUST_00000771,4,Amazing quality for the price.,Kevin Cunningham,2024-07-28
REV_00000860,PROD_00000273,CUST_00000579,4,Best purchase I've made this year.,Keith Ramirez,2022-05-29
REV_00000861,PROD_00000341,CUST_00000026,2,Would not recommend to anyone.,John Li,2023-02-06
REV_00000862,PROD_00000212,CUST_00000006,4,Exactly what I was looking for.,Julian Bass,2024-12-15
REV_00000863,PROD_00000914,CUST_00000141,3,"Does what it says, nothing more.",Mary Stanley,2022-02-23
REV_00000864,PROD_00000623,CUST_00000750,4,"Wonderful product, five stars!",Steven Williams,2022-10-13
REV_00000865,PROD_00000976,CUST_00000742,5,Best purchase I've made this year.,Gary Smith,2025-09-11
REV_00000866,PROD_00000348,CUST_00000027,2,Would not recommend to anyone.,Joanna Freeman,2025-07-20
REV_00000867,PROD_00000588,CUST_00000105,5,Exceeded my expectations.,Ruth Harper,2023-12-01
REV_00000868,PROD_00000296,CUST_00000856,1,Terrible customer service.,Lisa Thomas,2022-01-03
REV_00000869,PROD_00000390,CUST_00000522,3,Fair value for money.,Nancy Elliott,2025-03-12
REV_00000870,PROD_00000088,CUST_00000784,4,Perfect fit and fast shipping.,Corey Jacobs,2023-03-08
REV_00000871,PROD_00000427,CUST_00000279,1,Broke after a week of use.,Kurt Johnston,2024-03-01
REV_00000872,PROD_00000966,CUST_00000303,4,"Wonderful product, five stars!",Phillip Tate,2024-12-31
REV_00000873,PROD_00000913,CUST_00000012,3,Fair value for money.,Derek Webster,2025-07-12
REV_00000874,PROD_00000170,CUST_00000668,5,Perfect fit and fast shipping.,Casey Willis,2022-11-28
REV_00000875,PROD_00000147,CUST_00000077,5,Perfect fit and fast shipping.,Angela Graves,2023-05-24
REV_00000876,PROD_00000879,CUST_00000018,3,"It's okay, nothing special.",Jeremy Levy,2025-05-06
REV_00000877,PROD_00000240,CUST_00000570,2,Terrible customer service.,Joy Fletcher,2024-01-24
REV_00000878,PROD_00000055,CUST_00000642,1,Broke after a week of use.,Kyle Baldwin,2025-02-14
REV_00000879,PROD_00000604,CUST_00000174,1,"Not as described, returning it.",Michelle Mahoney,2023-04-24
REV_00000880,PROD_00000765,CUST_00000401,5,"Great product, highly recommend!",Melissa Dean,2023-07-24
REV_00000881,PROD_00000669,CUST_00000087,5,Amazing quality for the price.,Dillon Fernandez,2023-12-09
REV_00000882,PROD_00000881,CUST_00000832,2,"Not as described, returning it.",Tammy Stephens,2025-06-12
REV_00000883,PROD_00000950,CUST_00000343,4,"Wonderful product, five stars!",Mark Davis,2024-03-17
REV_00000884,PROD_00000967,CUST_00000449,4,Amazing quality for the price.,Garrett Martin,2021-06-27
REV_00000885,PROD_00000979,CUST_00000054,5,Amazing quality for the price.,Rodney Johnson,2024-07-10
REV_00000886,PROD_00000763,CUST_00000427,2,"Not as described, returning it.",Joseph Villegas,2025-07-25
REV_00000887,PROD_00000776,CUST_00000078,5,Best purchase I've made this year.,George Morris,2024-08-04
REV_00000888,PROD_00000520,CUST_00000716,5,Amazing quality for the price.,Edward Morrow,2025-09-09
REV_00000889,PROD_00000837,CUST_00000439,5,Exceeded my expectations.,Patrick Lindsey,2022-02-17
REV_00000890,PROD_00000299,CUST_00000782,3,"It's okay, nothing special.",Michelle Herrera,2023-03-09
REV_00000891,PROD_00000610,CUST_00000497,4,"Wonderful product, five stars!",Suzanne Ramos,2023-04-20
REV_00000892,PROD_00000562,CUST_00000172,5,Exceeded my expectations.,Michelle Shields,2022-11-04
REV_00000893,PROD_00000725,CUST_00000550,5,Love it! Will buy again.,Stephen Rodriguez,2025-01-13
REV_00000894,PROD_00000004,CUST_00000698,1,Broke after a week of use.,Kelly Brown,2024-07-08
REV_00000895,PROD_00000364,CUST_00000361,5,"Wonderful product, five stars!",Sara Miller,2025-05-27
REV_00000896,PROD_00000292,CUST_00000236,5,Perfect fit and fast shipping.,Alison Allen,2025-07-12
REV_00000897,PROD_00000389,CUST_00000433,2,Very disappointed with the quality.,Robyn Clarke,2023-02-14
REV_00000898,PROD_00000753,CUST_00000016,4,"Great product, highly recommend!",Christy Mercer,2025-11-23
REV_00000899,PROD_00000471,CUST_00000738,3,"Decent quality, average product.",Kimberly Duran,2022-02-22
REV_00000900,PROD_00000531,CUST_00000850,5,"Wonderful product, five stars!",Steven Smith,2023-07-18
REV_00000901,PROD_00000426,CUST_00000496,5,Perfect fit and fast shipping.,Eric Patel,2023-03-30
REV_00000902,PROD_00000878,CUST_00000586,3,"Does what it says, nothing more.",Christina Howard,2024-10-19
REV_00000903,PROD_00000399,CUST_00000211,1,Would not recommend to anyone.,Paul Lewis,2025-01-23
REV_00000904,PROD_00000954,CUST_00000798,3,Acceptable but could be better.,Karen Perez,2021-07-24
REV_00000905,PROD_00000782,CUST_00000836,1,Broke after a week of use.,Matthew Smith,2023-07-14
REV_00000906,PROD_00000304,CUST_00000327,2,Broke after a week of use.,Ricardo Collins,2022-06-30
REV_00000907,PROD_00000840,CUST_00000848,5,Exceeded my expectations.,Diane Leach,2022-10-25
REV_00000908,PROD_00000713,CUST_00000627,5,Exactly what I was looking for.,Cassandra Brown,2023-08-10
REV_00000909,PROD_00000104,CUST_00000247,4,Amazing quality for the price.,Victoria Grimes,2022-04-21
REV_00000910,PROD_00000331,CUST_00000549,5,"Wonderful product, five stars!",Elizabeth Burke,2021-09-04
REV_00000911,PROD_00000364,CUST_00000965,2,Terrible customer service.,Ashley Stevens,2021-11-21
REV_00000912,PROD_00000366,CUST_00000503,3,Fair value for money.,Chelsea Casey,2022-05-10
REV_00000913,PROD_00000082,CUST_00000567,5,Exactly what I was looking for.,Timothy Berry,2021-12-22
REV_00000914,PROD_00000831,CUST_00000167,4,"Wonderful product, five stars!",Seth Duncan,2021-07-25
REV_00000915,PROD_00000567,CUST_00000441,3,"Does what it says, nothing more.",Valerie Pearson,2023-05-11
REV_00000916,PROD_00000800,CUST_00000689,2,Broke after a week of use.,Kathryn Lindsey,2022-01-12
REV_00000917,PROD_00000748,CUST_00000353,4,"Wonderful product, five stars!",Diana Griffin,2025-01-21
REV_00000918,PROD_00000676,CUST_00000703,5,"Wonderful product, five stars!",Alec Andrews,2024-12-26
REV_00000919,PROD_00000877,CUST_00000099,4,Exactly what I was looking for.,Paul Lewis,2025-11-27
REV_00000920,PROD_00000085,CUST_00000624,2,Broke after a week of use.,Jennifer Montes,2022-03-29
REV_00000921,PROD_00000219,CUST_00000118,5,Amazing quality for the price.,Michael Anderson,2024-10-11
REV_00000922,PROD_00000368,CUST_00000674,1,Broke after a week of use.,Zachary Garrett,2022-01-06
REV_00000923,PROD_00000874,CUST_00000569,4,"Great product, highly recommend!",Joseph Reed,2024-02-29
REV_00000924,PROD_00000725,CUST_00000353,3,"Decent quality, average product.",Shannon Dickson,2022-08-02
REV_00000925,PROD_00000715,CUST_00000574,5,Love it! Will buy again.,Alexander Brock,2021-10-19
REV_00000926,PROD_00000825,CUST_00000501,5,Exactly what I was looking for.,Elizabeth Jones,2022-08-29
REV_00000927,PROD_00000812,CUST_00000039,4,"Wonderful product, five stars!",Ryan Mack,2021-10-23
REV_00000928,PROD_00000242,CUST_00000330,5,Perfect fit and fast shipping.,Amanda Solomon,2024-01-25
REV_00000929,PROD_00000162,CUST_00000323,4,Exactly what I was looking for.,Stephanie Crawford,2022-11-08
REV_00000930,PROD_00000179,CUST_00000958,2,"Not as described, returning it.",Robert Stein,2021-11-05
REV_00000931,PROD_00000965,CUST_00000498,5,Amazing quality for the price.,Christopher Hayes,2021-09-13
REV_00000932,PROD_00000092,CUST_00000029,4,Love it! Will buy again.,Cassidy Mccall,2023-06-12
REV_00000933,PROD_00000500,CUST_00000739,5,Love it! Will buy again.,Michael Flores,2023-11-07
REV_00000934,PROD_00000650,CUST_00000543,1,"Not as described, returning it.",Bruce Perez,2022-03-16
REV_00000935,PROD_00000506,CUST_00000316,2,"Waste of money, avoid.",James Figueroa,2023-02-22
REV_00000936,PROD_00000624,CUST_00000551,4,Amazing quality for the price.,Mary Lopez,2024-09-21
REV_00000937,PROD_00000908,CUST_00000975,4,"Great product, highly recommend!",Claire Vance,2024-10-23
REV_00000938,PROD_00000169,CUST_00000513,3,"Does what it says, nothing more.",William Lee,2024-04-20
REV_00000939,PROD_00000387,CUST_00000568,3,Acceptable but could be better.,Crystal Owens,2022-03-06
REV_00000940,PROD_00000321,CUST_00000467,5,"Great product, highly recommend!",Sydney Fisher,2024-01-04
REV_00000941,PROD_00000101,CUST_00000869,1,"Not as described, returning it.",Thomas Walls,2025-07-08
REV_00000942,PROD_00000296,CUST_00000698,4,Love it! Will buy again.,Joshua Harris,2022-01-11
REV_00000943,PROD_00000193,CUST_00000603,4,Amazing quality for the price.,Bruce Farmer,2024-09-13
REV_00000944,PROD_00000461,CUST_00000917,3,Acceptable but could be better.,Brooke Banks,2021-08-23
REV_00000945,PROD_00000870,CUST_00000950,5,Best purchase I've made this year.,Katie Pierce,2025-10-09
REV_00000946,PROD_00000719,CUST_00000199,1,"Not as described, returning it.",John Howard,2021-08-31
REV_00000947,PROD_00000967,CUST_00000683,5,Amazing quality for the price.,Taylor Kim,2021-06-08
REV_00000948,PROD_00000286,CUST_00000737,5,"Wonderful product, five stars!",Gerald Brady,2025-10-15
REV_00000949,PROD_00000216,CUST_00000182,4,"Wonderful product, five stars!",Jennifer Evans,2024-05-13
REV_00000950,PROD_00000456,CUST_00000130,5,Exactly what I was looking for.,Michael White,2024-08-30
REV_00000951,PROD_00000963,CUST_00000654,5,Love it! Will buy again.,Keith Baker,2025-12-11
REV_00000952,PROD_00000975,CUST_00000874,5,Exactly what I was looking for.,Bethany Delgado,2022-09-22
REV_00000953,PROD_00000228,CUST_00000131,4,Exceeded my expectations.,Tiffany Davis,2021-09-16
REV_00000954,PROD_00000361,CUST_00000654,4,Best purchase I've made this year.,Clifford Boyd,2024-12-16
REV_00000955,PROD_00000043,CUST_00000005,4,"Wonderful product, five stars!",Christine Rodriguez,2025-12-06
REV_00000956,PROD_00000181,CUST_00000849,1,Would not recommend to anyone.,Karen Long,2022-01-23
REV_00000957,PROD_00000511,CUST_00000167,5,Best purchase I've made this year.,Mark Hill,2024-12-06
REV_00000958,PROD_00000462,CUST_00000385,5,Exactly what I was looking for.,Karen Washington,2024-02-07
REV_00000959,PROD_00000859,CUST_00000632,5,Best purchase I've made this year.,Todd Strickland,2022-11-11
REV_00000960,PROD_00000286,CUST_00000555,5,Best purchase I've made this year.,Mary Jones,2025-11-14
REV_00000961,PROD_00000297,CUST_00000092,5,Amazing quality for the price.,Alicia Jones,2023-02-19
REV_00000962,PROD_00000556,CUST_00000742,2,Broke after a week of use.,Sarah Cuevas,2025-04-11
REV_00000963,PROD_00000037,CUST_00000752,5,Amazing quality for the price.,Cassidy Tucker,2025-04-27
REV_00000964,PROD_00000885,CUST_00000187,4,Exceeded my expectations.,Jennifer Brown,2025-03-13
REV_00000965,PROD_00000761,CUST_00000590,4,Perfect fit and fast shipping.,Joshua Norton,2024-10-25
REV_00000966,PROD_00000902,CUST_00000465,5,"Great product, highly recommend!",Jessica Klein,2025-06-28
REV_00000967,PROD_00000083,CUST_00000783,5,Exactly what I was looking for.,Thomas Lynn,2024-02-17
REV_00000968,PROD_00000892,CUST_00000558,5,Amazing quality for the price.,Michael Ortega,2025-05-15
REV_00000969,PROD_00000933,CUST_00000519,4,Perfect fit and fast shipping.,Julie Faulkner,2024-08-16
REV_00000970,PROD_00000257,CUST_00000682,5,Love it! Will buy again.,Charles Jones,2025-03-12
REV_00000971,PROD_00000217,CUST_00000115,4,Love it! Will buy again.,Raymond Rivera,2024-05-10
REV_00000972,PROD_00000522,CUST_00000263,3,"It's okay, nothing special.",Jennifer Stewart,2021-07-24
REV_00000973,PROD_00000750,CUST_00000943,4,Love it! Will buy again.,David Anderson,2024-08-06
REV_00000974,PROD_00000026,CUST_00000344,3,Acceptable but could be better.,Benjamin Trevino,2023-06-19
REV_00000975,PROD_00000251,CUST_00000858,4,Exceeded my expectations.,Beth Gilbert,2024-07-11
REV_00000976,PROD_00000215,CUST_00000974,5,"Great product, highly recommend!",Kari Williams,2022-08-01
REV_00000977,PROD_00000657,CUST_00000239,1,Would not recommend to anyone.,Monique Guerrero,2022-10-11
REV_00000978,PROD_00000320,CUST_00000787,5,"Wonderful product, five stars!",Richard Mccall,2025-01-06
REV_00000979,PROD_00000734,CUST_00000309,1,"Waste of money, avoid.",Ryan Morton,2022-05-12
REV_00000980,PROD_00000411,CUST_00000858,4,"Wonderful product, five stars!",Ashley Smith,2022-10-24
REV_00000981,PROD_00000459,CUST_00000016,4,Exceeded my expectations.,Hannah Young,2022-08-15
REV_00000982,PROD_00000324,CUST_00000994,5,Exactly what I was looking for.,Andrew Forbes,2025-12-12
REV_00000983,PROD_00000530,CUST_00000062,5,Exceeded my expectations.,Frances Holt,2025-11-13
REV_00000984,PROD_00000339,CUST_00000706,4,"Great product, highly recommend!",James Miller,2023-12-09
REV_00000985,PROD_00000228,CUST_00000321,1,Very disappointed with the quality.,Zachary Frye,2023-05-23
REV_00000986,PROD_00000236,CUST_00000368,5,Perfect fit and fast shipping.,Christian Barrett,2025-07-14
REV_00000987,PROD_00000366,CUST_00000435,4,Exceeded my expectations.,Heather Tucker,2022-01-14
REV_00000988,PROD_00000434,CUST_00000292,3,"Decent quality, average product.",Riley Fitzpatrick,2024-02-22
REV_00000989,PROD_00000858,CUST_00000163,3,"It's okay, nothing special.",Ashley Daniels,2023-01-31
REV_00000990,PROD_00000449,CUST_00000747,2,Very disappointed with the quality.,Todd White,2023-09-06
REV_00000991,PROD_00000507,CUST_00000792,3,"Does what it says, nothing more.",Julie Martinez,2024-06-18
REV_00000992,PROD_00000276,CUST_00000241,4,Best purchase I've made this year.,Bobby Williams,2023-07-30
REV_00000993,PROD_00000633,CUST_00000325,4,Exceeded my expectations.,Paul Burke,2025-09-07
REV_00000994,PROD_00000062,CUST_00000375,4,Love it! Will buy again.,Nathan Cantrell,2022-07-01
REV_00000995,PROD_00000331,CUST_00000925,4,Exceeded my expectations.,William Edwards,2024-06-03
REV_00000996,PROD_00000187,CUST_00000745,5,Amazing quality for the price.,Heather Cohen,2023-09-06
REV_00000997,PROD_00000537,CUST_00000129,4,"Wonderful product, five stars!",Michael Robinson,2025-02-19
REV_00000998,PROD_00000892,CUST_00000953,4,Love it! Will buy again.,Crystal Obrien,2024-08-31
REV_00000999,PROD_00000505,CUST_00000123,1,Would not recommend to anyone.,Zachary Mccarthy,2025-08-21
REV_00001000,PROD_00000851,CUST_00000649,4,"Great product, highly recommend!",Ricky Walters,2024-01-13
